STRUTTURA	N. totale IVG	N. IVG farmacologiche	% IVG farmacologiche	% IVG ≤8 sett	% IVG 9-10 sett	% IVG 11-12 sett	% certificazione consultorio
"PRESIDIO OSPEDALIERO MATERA
C.DA CATTEDRA AMBULANTE, 75100 MATERA MT"	80	64	80	57,5	15	2,5	0
"Ospedale San Carlo di Potenza
Via Potito Petrone  snc, 85100 POTENZA PZ"	246	172	70,5	67,7	11,5	11,1	17,9
"Ospedale S.Giovanni di Dio - Melfi
Via Foggia, 85025 MELFI PZ"	47	45	95,7	97,9	0	0	12,8
"Osp S.Pio da Pietrelcina di Villa D'Agri
Via San Pio s.n.c., 85050 MARSICOVETERE PZ"	18	16	88,9	100	0	0	27,8
"Ospedale S.Giovanni di Lagonegro
Viale Colombo, 85042 LAGONEGRO PZ"	27	23	85,2	75	25	0	18,5
"P.O.SAN SALVATORE L'AQUILA
VIA VETOIO  COPPITO, 67100 L'AQUILA AQ"	85	41	48,2	57,3	24,4	11	69,4
"PO AVEZZANO 'S. FILIPPO E NICOLA'
VIA G. DI VITTORIO, 67051 AVEZZANO AQ"	186	141	75,8	68,9	15,6	7,8	34,1
"OSPEDALE MAZZINI
PIAZZA ITALIA, 64100 TERAMO TE"	413	345	83,5	77	12,1	7	74,5
"P.O. 'SPIRITO SANTO' PESCARA
via Paolini 47, 65124 PESCARA PE"	36	20	55,6	11,1	0	0	2,8
"P.O. S. MASSIMO di PENNE
VIA BATTAGLIONE DEGLI ALPINI 1, 65017 PENNE PE"	347	0	0	76,1	18,4	5,5	23,8
"P.O. CLINICIZZ. 'SS. ANNUNZIATA' CHIETI
VIA DEI VESTINI, 66100 CHIETI CH"	5	0	0	0	20	0	0
"P.O. VASTO 'SAN PIO DA PIETRELCINA'
Via S.Camillo de Lellis, 66054 VASTO CH"	104	74	71,2	81	11	7	24,3
"OSPEDALE CIVILE FERRARI - CASTROVILLARI
VIALE DEL LAVORO, 87012 CASTROVILLARI CS"	150	99	66,4	90,5	7,5	0,7	46
"OSPEDALE CORIGLIANO
VIALE RIMEMBRANZE, 87064 CORIGLIANO-ROSSANO CS"	34	27	79,4	90,5	4,8	4,8	35,3
"OSPEDALE CIVILE SAN GIOVANNI DI DIO
VIA BOLOGNA, 88900 CROTONE KR"	120	87	72,5	73,1	20,2	2,5	53,3
"PO LAMEZIA TERME
VIA ARTURO PERUGINI 1, 88046 LAMEZIA TERME CZ"	214	182	85	79,1	10,4	8,5	42,1
"P.O. JAZZOLINO
PIAZZA FLEMING, 89900 VIBO VALENTIA VV"	73	66	90,4	88,1	3,4	1,7	9,6
"OSPEDALE BASSO IONIO
VIA DON CARLO DE CARDONA, 88068 SOVERATO CZ"	111	106	95,5	95,5	1,8	0	42,3
"PRESIDIO OSPEDALIERO ANNUNZIATA
VIA FELICE MIGLIORI, 87100 COSENZA CS"	300	207	69,5	68,1	23,9	8	81,8
"Ospedale Pugliese
via Pio X, 88100 CATANZARO CZ"	312	199	66,6	64,4	15,1	12,2	22,1
"Presidio Ospedaliero Riuniti
VIA GIUSEPPE MELACRINO 21, 89124 REGGIO DI CALABRIA RC"	247	228	92,7	79,7	8,4	5,9	47,9
"PRESIDIO OSPEDALIERO S.G.MOSCATI AVERSA
VIA GRAMSCI, 81031 AVERSA CE"	149	88	59,1	75,2	10,7	8,7	53,7
"CLINICA SANT`ANNA
VIA ROMA 124, 81100 CASERTA CE"	797	169	21,2	62,2	25,8	11,9	12,9
"OSPEDALE CIVILE S. GIOVANNI DI DIO
VIA PIROZZI 66, 80027 FRATTAMAGGIORE NA"	182	155	85,2	84,6	12,6	2,7	53,8
"OSPEDALE SAN GIULIANO
VIA G.B. BASILE, 80014 GIUGLIANO IN CAMPANIA NA"	732	605	82,7	83,3	5,8	3,6	60,9
"P.O.S.MARIA DELLA SPERANZA BATTIPAGLIA
VIA FIORIGNANO, 84091 BATTIPAGLIA SA"	73	0	0	11	86,3	2,7	82,2
"P.O. S.LUCA VALLO DELLA LUCANIA
VIA F. CAMMAROTA, 84078 VALLO DELLA LUCANIA SA"	68	0	0	58,8	29,4	11,8	38,2
"OSPEDALE S.M.DELLE GRAZIE
VIA DOMITIANA LOCALITA` LA SCHIANA, 80078 POZZUOLI NA"	196	158	80,6	76,5	11,2	9,7	81,1
"P.O. DE LUCA E ROSSANO
VIA CACCIOPPOLI, 80069 VICO EQUENSE NA"	327	93	28,4	47,2	50,3	2,5	99,4
"PRESIDIO OSPEDALIERO MARCIANISE
RIONE SANTELLA VIA ORTO DELL'ABATE, 81025 MARCIANISE CE"	53	0	0	43,4	52,8	3,8	1,9
"P.O. OSPEDALE DEL MARE
VIA ENRICO RUSSO, 80147 NAPOLI NA"	292	257	88	83,2	11,6	4,1	89
"P.O. SAN PAOLO
VIA TERRACINA 219, 80125 NAPOLI NA"	532	50	9,4	68,8	19	7,3	0
"AZIENDA OSPEDALIERA 'A. CARDARELLI'
VIA A.CARDARELLI 9, 80131 NAPOLI NA"	171	108	63,2	67,8	19,3	5,3	7,1
"A.O. OO.RR. SANGIOVANNI DI DIO E RUGGI 
S. LEONARDO, 84131 SALERNO SA"	385	145	37,8	50,6	31,4	11,2	49,6
"AZIENDA OSPEDALIERA S. G. MOSCATI
C.da Amoretta, 83100 AVELLINO AV"	734	447	60,9	74,4	14,2	6,8	39,5
"PRESIDIO OSPEDALIERO RUMMO
Via Pacevecchia 53, 82100 BENEVENTO BN"	176	13	7,4	55,7	29	2,8	0
"A.O. SANT'ANNA E SAN SEBASTIANO  CASERTA
VIA PALASCIANO, 81100 CASERTA CE"	114	8	7	43,9	38,6	10,5	3,5
"AZIENDA OSPEDALIERA UNIVERSITARIA UNICAM
VIA COSTANTINOPOLI 104, 80138 NAPOLI NA"	251	115	46	61	26,7	9,6	5,6
"A.O.U. 'FEDERICO II' DI NAPOLI
VIA SERGIO PANSINI 5, 80100 NAPOLI NA"	813	423	52,1	48,7	19,4	12,5	1,4
"OSPEDALE GUGLIELMO DA SALICETO PIACENZA
VIA TAVERNA 49, 29100 PIACENZA PC"	191	166	86.9	89.5	6.8	2.1	96.3
"OSPEDALE CASTEL SAN GIOVANNI 
VIALE 2 GIUGNO, 29015 CASTEL SAN GIOVANNI PC"	145	0	0.0	62.8	26.9	10.3	95.9
"OSPEDALE FIDENZA  
VIA DON TINCATI 5, 43036 FIDENZA PR"	223	155	69.5	73.5	12.6	11.7	71.3
"OSPEDALE E.FRANCHINI MONTECCHIO
STRADA BARILLA 16, 42027 MONTECCHIO EMILIA RE"	100	87	87.0	90.0	6.0	4.0	92.0
"OSPEDALE S.ANNA CASTELNOVO NE MONTI 
VIA ROMA 2, 42035 CASTELNOVO NE'MONTI RE"	18	18	100.0	100.0	0.0	0.0	94.4
"ARCISPEDALE SANTA MARIA NUOVA DI REGGIO 
VIALE RISORGIMENTO 80, 42100 REGGIO NELL'EMILIA RE"	537	433	80.8	79.1	6.7	7.4	73.9
"OSPEDALE B.RAMAZZINI CARPI
VIA G. MOLINARI 2, 41012 CARPI MO"	116	81	69.8	70.7	16.4	12.9	88.8
"OSPEDALE SANTA MARIA BIANCA MIRANDOLA
VIA FOGAZZARO ANTONIO 1, 41037 MIRANDOLA MO"	67	50	74.6	73.1	19.4	6.0	88.1
"OSPEDALE VIGNOLA 
VIA PLESSI CESARE 20, 41058 VIGNOLA MO"	2	0	0.0	50.0	50.0	0.0	50.0
"OSPEDALE CIVILE NUOVO S.MARIA DELLA SCALA
VIA MONTERICCO 4, 40026 IMOLA BO"	148	96	64.9	74.3	13.5	7.4	85.1
"OSPEDALE MAGGIORE C.A.PIZZARDI
LARGO BARTOLO NIGRISOLI 2, 40133 BOLOGNA BO"	377	201	53.3	60.7	17.2	12.2	47.7
"OSPEDALE A.COSTA PORRETTA TERME
VIA ORESTE ZAGNONI 3, 40046 ALTO RENO TERME BO"	19	19	100.0	100.0	0.0	0.0	0.0
"STABILIMENTO OSPEDALIERO SS. ANNUNZIATA 
VIA VICINI 2, 44042 CENTO FE"	21	7	33.3	42.9	38.1	14.3	61.9
"OSPEDALE SANTA MARIA DELLE CROCI RAVENNA
VIALE RANDI 5, 48100 RAVENNA RA"	206	118	57.3	66.5	17.5	7.3	72.3
"OSPEDALE DEGLI INFERMI FAENZA 
VIALE STRADONE 9, 48018 FAENZA RA"	153	124	81.0	84.3	7.8	7.2	94.1
"OSPEDALE MORGAGNI-PIERANTONI FORLI' 
VIA FORLANINI 34, 47121 FORLI' FC"	181	159	87.8	84.5	9.4	5.0	94.5
"OSPEDALE MAURIZIO BUFALINI CESENA 
VIALE GHIROTTI 286, 47023 CESENA FC"	245	188	76.7	70.6	8.2	8.2	73.9
"OSPEDALE INFERMI RIMINI
VIALE SETTEMBRINI 2, 47900 RIMINI RN"	280	248	88.6	80.4	1.4	6.4	79.3
"NUOVO OSPEDALE CIVILE DI SASSUOLO S.P.A.
VIA FRANCESCO RUINI 2, 41049 SASSUOLO MO"	145	108	74.5	78.6	14.5	5.5	82.1
"OSPEDALE CERVESI CATTOLICA  
VIA BEETHOVEN L.V. 1, 47841 CATTOLICA RN"	80	0	0.0	18.8	55.0	26.3	86.3
"CASA DI CURA CITTA' DI PARMA
PIAZZA ATHOS MAESTRI  5, 43100 PARMA PR"	112	0	0.0	43.8	39.3	17.0	89.3
"OSPEDALE PRIVATO DOMUS NOVA S.P.A.
VIA PAVIRANI PAOLO 44, 48100 RAVENNA RA"	24	0	0.0	70.8	25.0	4.2	54.2
"AZIENDA OSPEDALIERO-UNIVERSITARIA DI PARMA
VIA GRAMSCI 14, 43100 PARMA PR"	133	106	79.7	59.4	3.8	10.5	59.4
"AZIENDA OSPEDALIERO-UNIVERSITARIA DI MODENA
VIA DEL POZZO 71, 41100 MODENA MO"	595	525	88.2	82.2	7.6	4.4	54.5
"IRCCS AZIENDA OSPEDALIERO-UNIVERSITARIA 
VIA GIUSEPPE MASSARENTI 9, 40138 BOLOGNA BO"	401	234	58.4	57.6	15.7	10.0	52.4
"AZIENDA OSPEDALIERO-UNIVERSITARIA DI FERRARA
VIA ALDO MORO 8, 44124 FERRARA FE"	244	145	59.4	61.5	16.4	13.1	71.7
"CONSULTORIO PARMA CENTRO  -  CASA DELLA SALUTE
LARGO NATALE PALLI 1/A, 43121 PARMA PR"	74	74	100.0	100.0	0.0	0.0	100.0
"CONSULTORIO DI CARPI
VIA DON LUIGI STURZO, 21  , 41012 CARPI MO"	26	26	100.0	100.0	0.0	0.0	100.0
"CONSULTORIO FAMILIARE DI MODENA - VIA PADOVA
VIA DON GIOVANNI MINZONI, 121 (ANGOLO VIA PADOVA), 41125 MODENA MO"	19	19	100.0	100.0	0.0	0.0	100.0
"CONSULTORIO RICCIONE
VIA SAN MINIATO 16, 47838 RICCIONE RN"	9	9	100.0	100.0	0.0	0.0	55.6
"SALUTE DONNA C/O STABILIMENTO OSPEDALIERO SS. ANNUNZIATA CENTO
VIA VICINI 2, 44042 CENTO FE"	21	21	100.0	100.0	0.0	0.0	57.1
"OSPEDALE DI RAVENNA - POLIAMBULATORIO
VIALE RANDI 5, 48100 RAVENNA RA"	12	12	100.0	100.0	0.0	0.0	75.0
"CENTRO SOCIO-SANITARIO CIRCOSCRIZIONE 2 / CONSULTORIO FAMILIARE
VIA BERLINGUER 11, 48123 RAVENNA RA"	31	31	100.0	100.0	0.0	0.0	96.8
"OSPEDALE MAGGIORE - AMBULATORIO E LABORATORIO
LARGO BARTOLO NIGRISOLI 2, 40133 BOLOGNA BO"	507	506	99.8	99.4	0.6	0.0	56.4
"OSPEDALE RIMINI POLIAMBULATORI
VIA SETTEMBRINI 2, 47900 RIMINI RN"	71	70	98.6	98.6	1.4	0.0	90.1
"AZIENDA OSPEDALIERO-UNIVERSITARIA DI PARMA
VIA GRAMSCI 14, 43100 PARMA PR"	142	142	100.0	95.8	4.2	0.0	90.8
"AZIENDA OSPEDALIERO-UNIVERSITARIA DI FERRARA
VIA ALDO MORO 8, 44124 FERRARA FE"	104	104	100.0	97.1	2.9	0.0	87.5
"CONSULTORIO FAMILIARE DI SAN GIOVANNI IN PERSICETO - OSPEDALE
VIA E. PALMA 1, 40017 SAN GIOVANNI IN PERSICETO BO"	25	25	100.0	100.0	0.0	0.0	100.0
"DISTRETTO CITTA DI PIACENZA - CONSULTORIO FAMILIARE
PIAZZALE MILANO 6, 29100 PIACENZA PC"	44	44	100.0	100.0	0.0	0.0	97.7
"CONSULTORIO FAMILIARE SCANDIANO
VIA VALLISNERI 41, 42019 REGGIO NELL'EMILIA RE"	19	19	100.0	100.0	0.0	0.0	100.0
"Presidio ospedaliero Santa Maria degli Angeli
Via Montereale 24, 33170 PORDENONE PN"	53	22	41,5	50,9	26,4	9,4	49,1
"P.O. San Vito al Tagliamento
Via Savorgnano 2, 33078 SAN VITO AL TAGLIAMENTO PN"	276	244	88,4	83,3	8,3	5,4	67,8
"P.O. Monfalcone
VIA GALVANI 1, 34074 MONFALCONE GO"	133	36	27,1	63,9	31,6	4,5	70,7
"PO Latisana
VIA SABBIONERA 45, 33053 LATISANA UD"	53	51	96,2	92,5	1,9	1,9	32,1
"PO Palmanova
VIA NATISONE 11, 33057 PALMANOVA UD"	24	1	4,2	20,8	54,2	25	12,5
"PO San Daniele
via Trento Trieste 33, 33038 SAN DANIELE DEL FRIULI UD"	92	62	67,4	65,2	12	10,9	1,1
"PO Tolmezzo
via Morgagni 18, 33028 TOLMEZZO UD"	36	33	91,7	91,7	0	5,6	2,8
"PRESIDIO OSPEDALIERO 'S.M.M' DI UDINE
P.LE S.MARIA DELLA MISERICORDIA 15, 33100 UDINE UD"	262	136	51,9	62,2	18,7	11,1	23,3
"I.R.C.C.S. BURLO GAROFOLO
VIA DELL`ISTRIA 65/1, 34137 TRIESTE TS"	313	214	68,4	60,3	9	14,1	46
"POLO OSPEDALIERO UNICO INTEGRATO
VIALE KENNEDY, 2100 RIETI RI"	81	11	13,6	38,3	48,1	11,1	71,6
"POLO OSPEDALIERO SANTO SPIRITO
LUNGOTEVERE IN SASSIA  1, 00193 ROMA RM"	483	221	45,8	56,5	27,1	14,7	58,2
"OSP. ANZIO-NETTUNO
VIA CUPA DEI MARMI ANZIO, 00042 ANZIO RM"	123	74	60,2	77,2	17,9	4,9	4,9
"OSPEDALE SAN PAOLO
LARGO DONATORI DEL SANGUE, 00053 CIVITAVECCHIA RM"	42	0	0	23,8	47,6	23,8	16,7
"OSP. S.GIUSEPPE MARINO
VIALE XXIV MAGGIO, 00047 MARINO RM"	299	270	90,3	88	9	3	9,7
"OSPEDALE S. GIOVANNI EVANGELISTA(TIVOLI)
VIA PARROZZANI 3, 00019 TIVOLI RM"	49	0	0	34,7	49	14,3	73,5
"OSPEDALE G. B. GRASSI
VIA G. C. PASSERONI 30, 00122 ROMA RM"	313	170	54,3	63,3	25,6	8,9	94,9
"OSPEDALE S.EUGENIO
PIAZZALE DELL'UMANESIMO 10, 00144 ROMA RM"	256	167	65,2	61,7	22,7	7	66
"PRESIDIO OSPEDALIERO NORD
via Scaravelli snc, 04100 LATINA LT"	354	144	40,7	46,5	32	18,4	62,4
"SAN GIOVANNI DI DIO FONDI 
VIA SAN MAGNO, 04022 FONDI  LT"	145	139	95,9	93,1	1,4	0	50,3
"PRESIDIO OSPEDALIERO SUD
VIA APPIA LATO NAPOLI, 04023 FORMIA LT"	100	93	93,9	95,9	4,1	0	42
"OSPEDALE SAN BENEDETTO ALATRI
LOCALITA' CHIAPPITTO, 03011 ALATRI FR"	412	357	87,1	86,7	9,5	3,6	0,5
"OSPEDALE SANDRO PERTINI
via monti tiburtini 385, 00157 ROMA RM"	692	422	61	65	24,3	7,9	35,3
"POLO OSPEDALIERO
STRADA SAMMARTINESE, 01100 VITERBO VT"	96	76	80	31,5	39,1	17,4	29,2
"Presidio Ospedaliero San Filippo Neri 
Via Martinotti 20, 00133 ROMA RM"	433	289	66,7	62,4	13,6	7,4	47,1
"Ospedale dei Castelli
via nettunense km 11,5, 00072 ARICCIA RM"	2	0	0	50	0	0	0
"POLICLINICO CASILINO
VIA CASILINA 1049, 00169 ROMA RM"	88	0	0	21,6	28,4	12,5	37,5
"AZ.OSP.SAN CAMILLO-FORLANINI
CIRCONVALLAZIONE GIANICOLENSE 87, 00152 ROMA RM"	1504	844	56,2	61,5	15,7	17	5,9
"AZIENDA OSP. S.GIOVANNI/ADDOLORATA ROMA
VIA DELL`AMBA ARADAM 9, 00184 ROMA RM"	931	507	54,5	59,7	19,8	7,9	19
"POLICLINICO U. I
VIALE DEL POLICLINICO 155, 00161 ROMA RM"	137	27	19,7	40,4	21,3	11	0,7
"POLIAMBULATORIO G.B. GRASSI
VIA PASSERONI 30, 00122 ROMA RM"	4	4	100	100	0	0	100
"CONSULTORIO FAMILIARE SILONE D9
VIA IGNAZIO SILONE 100, 00143 ROMA RM"	5	5	100	100	0	0	100
"CONSULTORIO FAMILIARE 'PRIMAVALLE'
VIA LODOVICO JACOBIN, 6, 00168 ROMA RM"	56	56	100	100	0	0	100
"CONSULTORIO FAMILIARE PIETRALATA
VIA di Pietralata 497, 00158 ROMA RM"	107	107	100	100	0	0	71
"POLIAMBULATORIO 'TAGLIAMENTO'
VIA TAGLIAMENTO 19, 00198 ROMA RM"	33	31	96,9	100	0	0	100
"LAPOLIAMBULATORIO CENTRO S.ANNA
VIA GARIGLIANO 55, 00198 ROMA RM"	291	290	99,7	100	0	0	40,5
"LACSM ARICCIA
VIA DELLE CERQUETTE 1, 00040 ARICCIA RM"	27	27	100	100	0	0	100
"STABILIMENTO OSPEDALIERO DI IMPERIA 
VIA S. AGATA 57, 18100 IMPERIA IM"	312	202	65,4	66,7	15,2	17	72,1
"E.O. OSPEDALI GALLIERA
MURA DELLE CAPPUCCINE 14, 16128 GENOVA GE"	4	2	50	0	0	0	0
"OSP. RIUNITI LEONARDI E RIBOLI LAVAGNA
VIA DON BOBBIO 25, 16033 LAVAGNA GE"	142	104	73,8	73,9	12,7	9,9	35,2
"EVANGELICO Internazionale CASTELLETTO
Salita sup San Rocchino 31 A, 16122 GENOVA GE"	4	0	0	0	100	0	50
"EVANGELICO-SAN CARLO VOLTRI
Piazzale Giannasso 4, 16158 GENOVA GE"	85	62	72,9	62,4	14,1	14,1	35,3
"OSPEDALE SANT`ANDREA LA SPEZIA 
VIA VITTORIO VENETO 197, 19124 LA SPEZIA SP"	257	217	84,4	83,3	9,3	4,7	76,3
"OSPEDALE SAN PAOLO
VIA GENOVA 30 LOC. VALLORIA, 17100 SAVONA SV"	232	155	66,8	66,4	20,3	8,6	64,5
"OSPEDALE VILLA SCASSI
Corso Onofrio SCASSI 1, 16151 GENOVA GE"	632	528	83,5	81,3	10,3	7,6	44,8
"IRCCS OSPEDALE POLICLINICO SAN MARTINO
Largo Rosanna Benzi 10, 16132 GENOVA GE"	329	275	83,8	79,3	8,8	7,9	57,8
"IST.G.GASLINI
VIA G. GASLINI 5, 16147 GENOVA GE"	31	15	48,4	0	0	8	0
"OSPEDALE DI CIRCOLO - BUSTO ARSIZIO
VIA ARNALDO DA BRESCIA1, 21052 BUSTO ARSIZIO VA"	57	0	0	33,9	44,6	7,1	65,5
"OSP. S. ANTONIO ABATE - GALLARATE
VIA PASTORI 4, 21013 GALLARATE VA"	273	208	76,2	79,9	10,6	7,7	76,9
"OSPEDALE GALMARINI - TRADATE
PIAZZA ANGELO ZANABONI, 21049 TRADATE VA"	228	227	99,6	95,6	3,5	0,9	2,2
"STABILIMENTO CANTU'
VIA DOMEA 4, 22063 CANTU' CO"	228	0	0	30,7	58,3	11	85,1
"OSPEDALE DI CIRCOLO S.L.MANDIC-MERATE
LARGO SAN LEOPOLDO MANDIC 1, 23807 MERATE LC"	92	45	51,7	77,2	13	7,6	67,4
"OSPEDALE SONDRIO
VIA STELVIO 25, 23100 SONDRIO SO"	122	40	32,8	44,3	40,2	13,1	84,3
"P.O. CITTA' DI SESTO S. GIOVANNI 
VIALE MATTEOTTI 83, 20099 SESTO SAN GIOVANNI MI"	311	118	38,1	47,3	41,8	9	62,9
"PRESIDIO OSPED. V. BUZZI - MILANO 
VIA CASTELVETRO 32, 20154 MILANO MI"	443	226	51	39,1	18,3	14,9	25,5
"OSPEDALE M. MELLONI - MILANO
VIA MACEDONIO MELLONI 52, 20129 MILANO MI"	244	86	35,2	50,8	27,9	10,7	54,9
"OSPEDALE G.SALVINI-GARBAGNATE MIL.SE
VIALE FORLANINI 95, 20024 GARBAGNATE MILANESE MI"	184	64	34,8	38	32,1	27,7	73,9
"OSPEDALE MAGGIORE DI LODI 
VIALE SAVOIA1, 26900 LODI LO"	323	250	77,4	77,1	14,9	7,4	60,4
"PRESIDIO OSPEDALIERO DI DESIO
VIA MAZZINI 1, 20832 DESIO MB"	194	75	38,7	50,5	36,1	12,9	88,5
"PRESIDIO OSPEDALIERO DI CARATE
VIA MOSE' BIANCHI 9, 20841 CARATE BRIANZA MB"	121	38	31,4	55,4	28,1	12,4	62,8
"OSPEDALE DI VIZZOLO PREDABISSI 
VIA PANDINA 1, 20070 VIZZOLO PREDABISSI MI"	198	108	54,5	76,8	14,1	8,1	56,1
"OSPEDALE DI CIRCOLO - RHO 
CORSO EUROPA 250, 20017 RHO MI"	7	1	14,3	14,3	57,1	14,3	57,1
"OSPEDALE G. FORNAROLI MAGENTA
VIA AL DONATORE DI SANGUE 50, 20013 MAGENTA MI"	107	0	0	10,3	59,8	20,6	79,4
"PRESIDIO OSPEDALIERO DI VIMERCATE
VIA SANTI COSMA E DAMIANO 10, 20871 VIMERCATE MB"	369	118	32	54,5	28,5	16,3	69,1
"OSPEDALE UBOLDO - CERNUSCO S/NAVIGLIO
VIA UBOLDO 21, 20063 CERNUSCO SUL NAVIGLIO MI"	130	0	0	49,2	36,2	14,6	49,2
"OSPEDALE DI TREVIGLIO E CARAVAGGIO
PIAZZALE OSPEDALE LUIGI MENEGUZZO 1, 24047 TREVIGLIO BG"	14	5	35,7	35,7	35,7	28,6	7,1
"OSPEDALE PESENTI FENAROLI - ALZANO L.
VIA MAZZINI 88, 24022 ALZANO LOMBARDO BG"	468	407	87,2	85,4	9	4,5	32,6
"OSP.LE SS.TRINITA'-ROMANO DI LOMBARDIA
VIA SAN FRANCESCO D'ASSISI 12, 24058 ROMANO DI LOMBARDIA BG"	151	27	17,9	21,2	51	27,8	7,9
"OSPEDALE BOLOGNINI - SERIATE
VIA PADERNO 21, 24068 SERIATE BG"	15	5	35,7	6,7	0	0	0
"PRESIDIO OSPEDALIERO DI CHIARI
VIALE MAZZINI 8, 25032 CHIARI BS"	71	1	1,4	28,2	56,3	14,1	14,3
"OSPEDALE DI DESENZANO 
LOC. MONTECROCE, 25015 DESENZANO DEL GARDA BS"	146	132	90,4	89	6,2	4,1	1,4
"OSPEDALE CIVILE LA MEMORIA DI GAVARDO
VIA ANDREA GOSA 74, 25085 GAVARDO BS"	89	78	87,6	91,6	3,6	3,6	26,1
"OSPEDALE DI MANERBIO
VIA LUNGOMELLA VALSECCHI 2 , 25025 MANERBIO BS"	138	40	29	41,3	39,1	19,6	0,7
"OSPEDALE CIVILE - VIGEVANO
CORSO MILANO 19, 27029 VIGEVANO PV"	189	78	41,3	61,9	26,5	11,1	70,4
"OSPEDALE CIVILE - VOGHERA 
VIA VOLTURNO 14, 27058 VOGHERA PV"	171	131	76,6	78,4	8,8	11,1	46,8
"OSPEDALE MAGGIORE - CREMA 
LARGO UGO DOSSENA 2, 26013 CREMA CR"	104	37	36,6	61,2	22,4	12,2	55,4
"PRESIDIO OSPEDALIERO - ASOLA
PIAZZA 80 FANTERIA 1, 46041 ASOLA MN"	48	0	0	12,5	54,2	33,3	62,5
"OSP.CIVILE DESTRA SECCHIA-PIEVE CORIANO
VIA BUGATTE 1, 46020 BORGO MANTOVANO MN"	67	43	64,2	70,1	6	16,4	56,7
"OSPEDALE VALCAMONICA - ESINE
VIA MANZONI 142, 25040 ESINE BS"	107	77	72	69,2	15,9	8,4	2,8
"OSPEDALE CIVILE DI LEGNANO
VIA PAPA GIOVANNI PAOLO II, 20025 LEGNANO MI"	97	2	2,1	30,2	39,6	15,1	69,5
"OSPED.CIRCOLO CAUSA PIA LUVINI-CITTIGLIO
VIA LUVINI 1, 21033 CITTIGLIO VA"	310	148	47,7	62,6	21	16,5	1
"OSPEDALE M. O. ANTONIO LOCATELLI-PIARIO
VIA GROPPINI,22, 24020 PIARIO BG"	1	0	0	0	100	0	0
"NUOVO OSPEDALE DI BRONI E STRADELLA
VIA ACHILLI 3, 27049 STRADELLA PV"	40	25	62,5	60	32,5	7,5	43,6
"OSPEDALE F. DEL PONTE - VARESE
VIA FILIPPO DEL PONTE 19, 21100 VARESE VA"	50	1	2	4	6	32	2
"OSPEDALE S. ANNA - COMO
VIA RAVONA 20, 22020 SAN FERMO DELLA BATTAGLIA CO"	173	118	68,6	70,5	5,8	11	53,5
"OSPEDALE DI CIRCOLO A. MANZONI - LECCO
VIA DELL'EREMO 9/11, 23900 LECCO LC"	182	131	74,9	65,9	13,2	11	72
"OSPEDALE PAPA GIOVANNI XXIII - BG
PIAZZA OMS 1, 24127 BERGAMO BG"	407	121	29,7	44,1	29,8	15,8	41
"PRES.OSPEDAL.SPEDALI CIVILI BRESCIA
P.LE SPEDALI CIVILI 1, 25123 BRESCIA BS"	783	303	38,7	40,2	31	16,1	46,5
"OSPEDALE C. POMA - MANTOVA
STRADA LAGO PAIOLO 10, 46100 MANTOVA MN"	289	236	83,1	82	2,4	7,3	64,2
"OSPEDALE DI CREMONA
VIA LARGO PRIORI 1, 26100 CREMONA CR"	238	127	53,4	67,2	18,9	9,2	43
"OSPEDALE CA' GRANDA-NIGUARDA - MILANO 
PIAZZA OSPEDALE MAGGIORE 3, 20162 MILANO MI"	594	267	45,5	65,5	19,2	9,9	76,5
"OSPEDALE S. PAOLO - MILANO
VIA A. DI RUDINI' 8, 20142 MILANO MI"	584	426	73,1	71,9	12,3	12,2	43,7
"OSPEDALE S. CARLO BORROMEO - MILANO 
VIA PIO II 3, 20153 MILANO MI"	421	229	54,4	71,5	18,3	9,5	38,5
"OSPEDALE L. SACCO - MILANO
VIA GIOVAN BATTISTA GRASSI 74, 20157 MILANO MI"	248	125	50,4	63,3	18,5	12,1	39,1
"POLICLINICO S. MATTEO - PAVIA
VIALE GOLGI 19, 27100 PAVIA PV"	302	130	43	44,4	25,8	16,9	60,9
"FONDAZ.IRCCS CA' GRANDA - OSPEDALE MAGGI
VIA FRANCESCO SFORZA 28, 20122 MILANO MI"	1166	385	33	41	22,1	20,4	60,5
"FONDAZIONE IRCCS SAN GERARDO DEI TINTORI
VIA GIOVANNI BATTISTA PERGOLESI 33, 20090 MONZA MB"	83	5	6	15,7	21,7	12	47
"STABILIMENTO DI URBINO  
VIA COMANDINO 70, 61029 URBINO PU"	46	18	39,1	50	34,8	13	50
"STABILIMENTO DI SENIGALLIA  
VIA CELLINI 1, 60019 SENIGALLIA AN"	183	98	53,6	72,1	16,4	4,4	84,2
"STABILIMENTO DI JESI
VIA ALDO MORO 25, 60035 JESI AN"	50	0	0	20	62	16	96
"STABILIMENTO DI FABRIANO  
VIA STELLUTI SCALA 26, 60044 FABRIANO AN"	15	0	0	60	33,3	6,7	0
"STABILIMENTO DI CIVITANOVA M. 
VIA GINEVRI 1, 62012 CIVITANOVA MARCHE MC"	74	0	0	45,9	37,8	12,2	91,9
"STABILIMENTO DI MACERATA  
VIA SANTA LUCIA 2, 62100 MACERATA MC"	286	89	31,1	51	31,8	11,2	81,5
"STABILIMENTO DI FERMO
VIA MURRI 151, 63023 FERMO FM"	0	-	-	-	-	-	-
"STABILIMENTO DI S.BENEDETTO 
VIA SILVIO PELLICO 68, 63074 SAN BENEDETTO DEL TRONTO AP"	58	25	43,1	50	32,8	8,6	70,7
"STABILIMENTO DI ASCOLI PICENO 
VIA DEGLI IRIS MONTICELLI, 63100 ASCOLI PICENO AP"	93	80	86	86	5,4	6,5	52,7
"CASA DI CURA VILLA IGEA
VIA MAGGINI 200, 60127 ANCONA AN"	88	0	0	53,4	38,6	8	98,9
"STABILIMENTO DI URBINO  
VIA COMANDINO 70, 61029 URBINO PU"	59	53	89,8	81,4	0	0	37,3
"STABILIMENTO DI FANO  
VIA VITTORIO VENETO 2, 61032 FANO PU"	158	61	38,6	53,2	32,3	12,7	53,8
"STABILIMENTO 'G. SALESI'
VIA CORRIDONI 11-16, 60100 ANCONA AN"	40	3	7,5	25	25	15	57,5
"PRESIDIO OSPEDALIERO 'A.CARDARELLI'
Via L. Montalbò snc C.DA TAPPINO, 86100 CAMPOBASSO CB"	260	212	81,5	87,3	8,5	3,5	16,2
"OSPEDALE CENTRALE DI BOLZANO
VIA L. BOEHLER 5, 39100 BOLZANO BZ"	377	168	44,8	46,2	26,8	19,4	3,5
"OSPEDALE AZIENDALE DI MERANO
via Rossini 5, 39012 MERANO BZ"	170	94	55,3	67,1	20,6	11,2	0
"PRESIDIO OSPEDALIERO S. CHIARA
L.GO MEDAGLIE D'ORO 9, 38122 TRENTO TN"	335	321	95,8	84,2	4,8	3	81,5
"PRESIDIO OSPEDALIERO VILLA IGEA
VIA MALTA 16, 38122 TRENTO TN"	117	0	0	16,2	49,6	34,2	89,7
"OSPEDALE DI ROVERETO
CORSO VERONA 4, 38068 ROVERETO TN"	145	114	78,6	76,6	4,8	6,9	57,9
"PRESIDIO OSPEDALIERO DI CAVALESE
VIA DOSSI 21, 38033 CAVALESE TN"	5	5	100	80	20	0	80
"OSPEDALE MARIA VITTORIA
VIA CIBRARIO LUIGI 72, 10144 TORINO"	90	77	85,6	88,9	3,3	3,3	50
"OSPEDALE MAGGIORE
VIA DE MARIA 1, 10023 CHIERI"	109	83	76,9	81,8	12,1	6,1	72,5
"OSPEDALE SANTA CROCE
PIAZZA AMEDEO FERDINANDO 3, 10024 MONCALIERI"	85	68	80	79,8	8,3	7,1	79,3
"OSPEDALE SAN BIAGIO
PIAZZA VITTIME DEI LAGER NAZIFASCISTI 1, 28845 DOMODOSSOLA"	46	31	67,4	79,1	14	7	58,7
"STABILIMENTO OSPEDALIERO CASTELLI
VIA FIUME 18, 28925 VERBANIA"	118	86	73,5	71,8	20,4	5,8	54,7
"ISTITUTO SS. TRINITÀ - BORGOMANERO
VIALE ZOPPIS 10, 28021 BORGOMANERO"	28	2	7,1	35,7	42,9	14,3	78,6
"OSPEDALE MARTINI
VIA TOFANE 71, 10141 TORINO"	180	175	97,2	92,7	5,6	1,7	60,6
"PRESIDIO OSP. CARDINAL G. MASSAIA
CORSO DANTE 202, 14100 ASTI"	208	164	80	76,5	14,2	5,4	84,9
"OSPEDALE SANT'ANDREA
CORSO ABBIATE MARIO 21, 13100 VERCELLI"	3	1	33,3	33,3	33,3	0	0
"OSPEDALE SS.PIETRO E PAOLO
VIA ILORINI MO A. F. 20, 13011 BORGOSESIA"	129	103	81,1	86,8	10,1	2,3	19,5
"OSPEDALE CIVICO CHIVASSO
CORSO FERRARIS GALILEO 3, 10034 CHIVASSO"	182	161	88,5	82,4	12,1	5,5	79,1
"PRESIDIO OSPED. RIUNITO SEDE DI CIRIE'
VIA BATTITORE 7/9, 10073 CIRIE'"	77	51	94,4	92,6	7,4	0	77,6
"OSPEDALE CIVILE DI IVREA
PIAZZA DELLA CREDENZA 2, 10015 IVREA"	163	132	81	82,1	11,1	6,2	76,1
"OSPEDALE SANTO SPIRITO CASALE
VIALE GIOLITTI GIOVANNI 2, 15033 CASALE MONFERRATO"	97	53	62,4	70	18	8	66
"OSPEDALE SAN GIACOMO NOVI
VIA RAGGIO EDILIO 12 , 15067 NOVI LIGURE"	150	90	60	76	16	6,7	80,7
"OSPEDALE CIVILE ""E.AGNELLI""
VIA BRIGATA CAGLIARI 39, 10064 PINEROLO"	94	79	84	90,3	4,3	3,2	84
"OSPEDALE DEGLI INFERMI
VIA DEI PONDERANESI 2, 13875 PONDERANO"	173	143	82,7	80,7	12,3	4,7	80,3
"OSPEDALE MICHELE FERRERO E PIETRO FERRER
STRADA TANARO 7/9, 12060 VERDUNO"	146	120	82,2	81,4	9,7	6,2	76,7
"OSPEDALE DEGLI INFERMI
VIA RIVALTA 29 , 10098 RIVOLI"	110	94	85,5	93,5	4,3	1,1	86,4
"OSPEDALE DI MONDOVI'
STRADA DI SAN ROCCHETTO 99, 12084 MONDOVI'"	88	88	100	95,5	2,3	0	73,9
"OSPEDALE DI SAVIGLIANO
VIA OSPEDALI 5, 12038 SAVIGLIANO"	50	0	0	22,4	55,1	20,4	77,6
"OSP. MAGGIORE DELLA CARITA'
CORSO MAZZINI GIUSEPPE 18, 28100 NOVARA"	371	298	80,3	76,6	9,2	10,1	11,1
"AZ. OSPEDAL. S. CROCE E CARLE
VIA COPPINO MICHELE 26, 12100 CUNEO"	237	173	73	76,4	11,8	5,9	71,7
"OSP.CIVILE SS.ANTONIO E BIAGIO
VIA VENEZIA 16, 15121 ALESSANDRIA"	184	121	65,8	81,4	8,5	7,9	96,2
"OSPEDALE MAURIZIANO UMBERTO I - TORINO
LARGO TURATI FILIPPO 62, 10128 TORINO"	79	69	87,3	87,7	8,8	1,8	35,4
"OSPEDALE OSTETRICO GINECOLOGICO SANT'ANNA
CORSO SPEZIA 60, 10126 TORINO"	2028	1437	70,9	61,6	14,6	11,3	63
"OSPEDALE CERIGNOLA 'G.TATARELLA'
Via Arcangelo Murgolo, 71042 CERIGNOLA FG"	331	28	8,5	49,8	42,9	3,3	2,1
"OSPEDALE GALLIPOLI 'SACRO CUORE DI GESU'
STRADA PROV.LE ALEZIO-GALLIPOLI, 73014 GALLIPOLI LE"	71	56	78,9	80	14,3	5,7	47,9
"CASA DI CURA SANTA MARIA
VIA A. DE FERRARIIS 24, 70124 BARI BA"	168	0	0	72,6	26,8	0,6	0,6
"CASA DI CURA 'MONTE IMPERATORE'
S.P. NOCI - CASTELLANETA  KM.10, 70015 NOCI BA"	187	0	0	54,5	33,7	11,8	7,5
"CASA DI CURA C.B.H. MATER DEI HOSPITAL
VIA HAHNEMANN 10, 70126 BARI BA"	301	0	0	68,8	26,1	5,1	0
"P.O. DELLA MURGIA 'F. PERINEI'
S.S.96 KM 73,800, 70022 ALTAMURA BA"	108	104	96,3	90,6	2,8	0,9	19,4
"P.O. SAN PAOLO  
VIA CAPOSCARDICCHIO 1, 70123 BARI BA"	815	580	71,3	64,4	11	11,6	17,7
"P.O. MONOPOLI
LARGO SIMONE VENEZIANI 21, 70043 MONOPOLI BA"	23	20	87	43,5	0	13	17,4
"OSPEDALE  FRANCAVILLA FONTANA
VIA MONSIGNOR ARMANDO FRANCO, 72021 FRANCAVILLA FONTANA BR"	33	0	0	39,4	48,5	12,1	21,2
"OSPEDALE SAN SEVERO - TERESA MASSELLI
viale 2 giugno, 71016 SAN SEVERO FG"	2	2	100	100	0	0	100
"OSPEDALE SCORRANO
VIA G. DELLI PONTI, 73020 SCORRANO LE"	79	50	63,3	65,4	20,5	14,1	77,2
"OSPEDALE CASTELLANETA
VIA DEL MERCATO 60, 74011 CASTELLANETA TA"	340	338	99,4	99,1	0,6	0,3	14,1
"OSPEDALE DI VENERE - BARI
VIA OSPEDALE DI VENERE 1, 70010 BARI BA"	953	925	97,1	86,9	4,4	0,2	51,7
"OSPEDALE PERRINO BRINDISI 
VIA S.S.7 PER MESAGNE, 72100 BRINDISI BR"	211	189	89,6	73,9	11,4	7,1	30,8
"OSPEDALE LECCE 'V FAZZI'
PIAZZETTA MURATORE, 73100 LECCE LE"	644	397	61,6	72	13,8	5	57
"OSPEDALE SS ANNUNZIATA - TARANTO
Via Bruno, 74121 TARANTO TA"	181	37	20,4	31,5	50,8	12,2	17,1
"OSPEDALE BARLETTA - 'MONS. R. DIMICCOLI'
VIALE IPPOCRATE 15, 76121 BARLETTA BT"	354	277	78,2	80,2	11,9	5,9	22,6
"OSPEDALE  BISCEGLIE
VIA G. BOVIO 279/A, 76011 BISCEGLIE BT"	141	122	86,5	69,8	23	1,4	22,7
"CONSORZIALE POLICLINICO BARI
P.zza Giulio Cesare 11, 70124 BARI BA"	17	8	47,1	37,5	12,5	12,5	0
"Ospedali Riuniti di Foggia
Viale Luigi Pinto 1, 71222 FOGGIA FG"	416	17	4,1	51	29	7,7	12,8
"OSPEDALE CIVILE ALGHERO
VIA DON MINZONI, 07041 ALGHERO SS"	53	47	88,7	83	7,5	5,7	13,2
"P.O.  GIOVANNI PAOLO II  OLBIA
VIA BAZZONI SIRCANA, 07026 OLBIA SS"	206	50	24,3	45,6	34	14,1	14,6
"P.O.  SAN FRANCESCO
VIA MANNIRONI, 08100 NUORO NU"	94	62	66	71,6	10,2	9,1	12,8
"P.O. 'NOSTRA SIGNORA DELLA MERCEDE'
VIA GIUSEPPE PILIA, 08045 LANUSEI NU"	5	0	0	60	20	20	60
"P.O.CTO
VIA CATTANEO, 09016 IGLESIAS SU"	38	27	73	89,2	5,4	0	0
"P.O. SS. TRINITA'
VIA IS MIRRIONIS 92, 09121 CAGLIARI CA"	234	207	88,5	67,5	9,8	13,7	20,5
"PRESIDIO OSPEDALIERO N.S. DI BONARIA
VIA ROMA 1, 09038 SAN GAVINO MONREALE SU"	78	50	64,1	92,3	1,3	2,6	34,6
"CASA DI CURA S.ANNA S.R.L.
VIA LA VEGA 9, 09127 CAGLIARI CA"	70	0	0	35,7	38,6	25,7	1,4
"CASA DI CURA VILLA ELENA
VIA DANTE 133, 09128 CAGLIARI CA"	60	0	0	65	23,3	11,7	3,3
"P. OSPEDALIERO 'SAN MARTINO' - ORISTANO
VIA ROCKEFELLER snc, 09170 ORISTANO OR"	64	33	51,6	68,8	14,1	14,1	12,5
"STABILIMENTO SAN MICHELE
PIAZZALE A. RICCHI 1, 09134 CAGLIARI CA"	90	62	68,9	45,6	25,6	16,7	15,6
"P.O MICROCITEMICO A.CAO
VIA JENNER, 09121 CAGLIARI CA"	12	0	0	0	0	58,3	0
"STABILIMENTO CLINICHE DI SAN PIETRO     
VIALE SAN PIETRO 43, 07100 SASSARI SS"	248	88	35,5	52,8	27,4	7,7	3,2
"POLICLINICO MONSERRATO
SS 554 KM 4,500 POLICLINICO MONSERRATO, 09100 CAGLIARI CA"	110	74	67,3	54,5	20	13,6	11,8
"P.O. S. GIOVANNI DI DIO
C/DA CONSOLIDA, 92100 AGRIGENTO AG"	106	16	15,1	44,3	36,8	7,5	40,6
"P.O. BARONE LOMBARDO - CANICATTI'
VIALE GIUDICE SAETTA SNC, 92024 CANICATTI' AG"	124	0	0	55,6	40,3	4	20
"P.O. S. GIACOMO D'ALTOPASSO LICATA
C/DA CANNAVECCHIA, 92027 LICATA AG"	79	50	65,8	n.d.	n.d.	n.d.	19,2
"P.O. GIOVANNI PAOLO II
VIA POMPEI - C. DA SENIAZZA, 92019 SCIACCA AG"	89	6	6,7	49,4	38,2	6,7	13,5
"P.O. S. Marta e S. Venera Acireale
Via Caronia s.n., 95024 ACIREALE CT"	184	182	98,9	97,3	1,6	1,1	28,1
"P. O. 'M. CHIELLO'
CONTRADA BELLIA, 94015 PIAZZA ARMERINA EN"	175	175	100	0	0	88	54,1
"P.O. CIVICO PARTINICO
VIA CIRCONVALLAZIONE 1, 90047 PARTINICO PA"	39	39	100	94,9	5,1	0	100
"P.O. S. CIMINO TERMINI IMERESE
VIA SALVATORE CIMINO, 90018 TERMINI IMERESE PA"	102	76	74,5	72,5	13,7	4,9	43,6
"P.O. G. F. INGRASSIA
C.SO CALATAFIMI, 1002, 90100 PALERMO PA"	83	1	1,2	44,6	51,8	2,4	27,7
"OSPEDALE 'Giovanni Paolo II° M.P. A.'
C.DA Cisternazzi via Tiralongo S.N.C, 97100 RAGUSA RG"	144	124	86,1	83,3	6,9	2,8	35,4
"OSPEDALE MAGGIORE MODICA
via A.Moro, 97015 MODICA RG"	350	270	77,1	78,3	10,9	7,7	43,1
"OSPEDALE GUZZARDI VITTORIA
VIA PAPA GIOVANNI XXIII, 97019 VITTORIA RG"	36	26	72,2	66,7	22,2	5,6	50
"P.O. DI MARIA AVOLA
C.DA CHIUSA DI CARLO, 96012 AVOLA SR"	37	3	8,1	43,2	40,5	5,4	10,8
"P.O. UMBERTO I (EX A.O.)
Via Testaferrata 1, 96100 SIRACUSA SR"	224	17	7,6	59,4	29,9	6,3	35,3
"P.O. S. ANTONIO ABATE  - TRAPANI
VIA COSENZA, 82, 91016 ERICE TP"	257	98	38,1	55,3	31,1	7	14,4
"P.O.ABELE AJELLO-MAZARA D.VALLO
VIA SALEMI 175, 91026 MAZARA DEL VALLO TP"	52	51	98,1	88,2	7,8	0	40,4
"CASA DI CURA CANDELA SPA
VIA VILLAREALE  54, 90141 PALERMO PA"	52	38	73,1	88,5	9,6	1,9	32,7
"CASA DI CURA SERENA S.P.A.
VIA DELLA REGIONE SICILIANA 1470, 90135 PALERMO PA"	7	7	100	100	0	0	14,3
"A.O. per l'Emergenza Cannizzaro
via Messina 829, 95126 CATANIA CT"	172	22	12,8	39,5	34,9	6,4	4,1
"NUOVO OSPEDALE GARIBALDI - NESIMA
VIA PALERMO 636, 95122 CATANIA CT"	650	42	6,5	27,1	40,8	23,1	2
"PRESIDIO OSPEDALIERO S.MARCO
Viale Carlo Azeglio Ciampi, 95121 CATANIA CT"	145	1	0,7	17,2	46,2	22,1	2,8
"Azienda Osp. Univ. G. Martino
viale gazzi, 98124 MESSINA ME"	340	150	44,2	56,8	23,5	9,4	18,6
"P.O. V. Cervello
Via Trabucco 180, 90146 PALERMO PA"	390	269	70,2	81,3	3,3	2,1	16,8
"Ospedale Civico  
Piazza Nicola Leotta, 90127 PALERMO PA"	445	232	52,1	60,9	22,7	9	11
"AZ.OSP.UNIV.P.GIACCONE
Via del Vespro 129, 90127 PALERMO PA"	117	62	54,4	60,7	28,2	6	0
"PRESIDIO OSPEDALIERO DI CARRARA 
PIAZZA SACCO E VANZETTI, 54033 CARRARA MS"	172	172	100	98,3	1,7	0	81,4
"OSPEDALE DELLE APUANE
Via MATTEI 21, 54100 MASSA MS"	66	4	6,1	10,9	53,1	26,6	63,1
"PRESIDIO OSPEDALIERO SAN LUCA
VIA GUGLIELMO LIPPI FRANCESCONI, 55100 LUCCA LU"	172	119	69,2	71,1	17	8,2	82
"OSPEDALE SAN JACOPO
VIA CILIEGIOLE 97, 51100 PISTOIA PT"	8	2	25	14,3	0	0	25
"OSPEDALE DELLA VALDINIEVOLE
V. C. BATTISTI PESCIA, 51017 PESCIA PT"	253	199	78,7	83,6	9,7	5,9	77,9
"NUOVO OSPEDALE DI PRATO S.STEFANO
VIA SUOR NICCOLINA INFERMIERA 20/22, 59100 PRATO PO"	489	319	65,2	66	15,3	13	34,3
"PRESIDIO OSPEDALIERO ""S.MARIA MADDALENA""
BORGO S.LAZZARO 5, 56048 VOLTERRA PI"	44	36	81,8	87,8	12,2	0	68,2
"P.O. F. LOTTI STABILIMENTO DI PONTEDERA 
VIA ROMA180, 56025 PONTEDERA PI"	245	166	67,8	75,2	11,6	7	71
"OSPEDALE LIVORNO 
VIALE ALFIERI 36, 57124 LIVORNO LI"	219	132	60,3	67,6	17,1	12,4	84,9
"OSPEDALE DI VILLAMARINA
VIA FORLANINI 24, 57025 PIOMBINO LI"	46	44	95,7	95,5	2,3	2,3	50
"OSPEDALE CIVILE DI CECINA
VIA MONTANARA 52B, 47023 CECINA LI"	95	62	65,3	70,2	11,7	10,6	57,9
"OSPEDALE DI PORTOFERRAIO 
LOC. S.ROCCO, 57037 PORTOFERRAIO LI"	37	29	78,4	81,1	13,5	5,4	75,7
"OSPEDALE DEL CASENTINO 
VIALE FILIPPO TURATI, 52011 BIBBIENA AR"	33	33	100	93,9	6,1	0	81,8
"OSPEDALE AREA ARETINA NORD 
VIA P. NENNI, 52100 AREZZO AR"	205	149	72,7	75,1	11,2	8,8	84,2
"OSPEDALE DELLA MISERICORDIA GROSSETO 
VIA SENESE 169, 58100 GROSSETO GR"	210	113	53,8	58,1	21,9	12,9	72,9
"OSPEDALE DI BORGO SAN LORENZO
VIALE DELLA RESISTENZA, 50032 BORGO SAN LORENZO FI"	16	4	25	12,5	31,3	6,3	43,8
"OSPEDALE S.M.ANNUNZIATA
VIA DELL'ANTELLA 58, 50012 BAGNO A RIPOLI FI"	16	1	6,3	0	6,3	43,8	60
"OSPEDALE PIERO PALAGI
VIALE MICHELANGELO 41, 50125 FIRENZE FI"	758	484	63,9	68,1	21,9	10	65
"OSP. S. GIOVANNI DI DIO TORREGALLI 
VIA TORRE GALLI 3, 50143 FIRENZE FI"	10	2	20	0	0	22,2	70
"OSPEDALE DELL'ALTA VAL D'ELSA
LOC.CAMPOSTAGGIA, 53036 POGGIBONSI SI"	69	41	59,4	68,1	14,5	10,1	58
"OSPEDALI RIUNITI DELLA VAL DI CHIANA 
VIA PROVINCIALE MONTEPULCIANO 5, 53045 MONTEPULCIANO SI"	89	65	73	69,7	16,9	10,1	38,2
"OSPEDALE VERSILIA
VIA AURELIA 335, 55043 CAMAIORE LU"	144	75	52,1	65,3	25	6,9	80,6
"OSPEDALE NUOVO VALDARNO
P.DEL VOLONTARIATO 2 LOC. GRUCCIA, 52025 MONTEVARCHI AR"	102	35	34,3	70,6	19,6	8,8	95,1
"OSPEDALE S. GIUSEPPE 
VIALE BOCCACCIO, 50053 EMPOLI FI"	160	102	63,8	62,3	17	16,4	41,1
"AZIENDA OSPEDALIERO-UNIVERSITARIA PISANA
VIA ROMA 67, 56126 PISA PI"	156	69	44,2	39,1	24,4	16,7	51,3
"AZIENDA OSPEDALIERA UNIVERSITARIA SENESE
V.LE BRACCI  LOC.LE SCOTTE, 53100 SIENA SI"	161	79	49,1	60,9	19,9	14,9	46,6
"AZ. OSPEDALIERO - UNIVERSITARIA CAREGGI 
LARGO BRAMBILLA 3, 50134 FIRENZE FI"	463	267	57,7	60	16,5	12,3	7,1
"OSPEDALE DI CITTA` DI CASTELLO
VIA LUIGI ANGELINI 10, 06012 CITTA' DI CASTELLO PG"	39	34	87,2	56,4	20,5	10,3	41
"OSPEDALE DI UMBERTIDE
VIA CAMILLO B. CAVOUR 40, 06019 UMBERTIDE PG"	108	78	72,9	68,1	21,3	10,6	45,4
"STAB. OSPEDALIERO MEDIA VALLE DEL TEVERE
Via Buda - Pantalla, 06059 TODI PG"	213	200	93,9	99,5	0	0	47,9
"OSPEDALE CIVILE SAN MATTEO DEGLI INFERMI
Via Loreto 3, 06049 SPOLETO PG"	113	104	92	97,9	2,1	0	75,2
"SANTA MARIA DELLA STELLA
Localita' Ciconia, 05018 ORVIETO TR"	80	55	68,8	68,2	15,2	9,1	43,8
"STABILIMENTO OSPEDALIERO DI NARNI
Via Cappuccini Nuovi 3, 05035 NARNI TR"	5	5	100	100	0	0	80
"OSPEDALE SAN GIOVANNI BATTISTA FOLIGNO
Via Arcamone, 06034 FOLIGNO PG"	42	14	33,3	2,9	2,9	34,3	50
"PRESIDIO OSPEDALIERO GUBBIO E G.TADINO
LARGO UNITA' D'ITALIA - LOCALITA' BRANCA, 06024 GUBBIO PG"	90	74	84,1	79,4	5,9	4,4	40
"AZIENDA OSPEDALIERA DI PERUGIA
PIAZZALE GIORGIO MENGHINI 8/9, 06129 PERUGIA PG"	111	15	13,5	4,1	29,6	20,4	54,1
"AZIENDA OSPEDALIERA 'S. MARIA'
VIA TRISTANO DI JOANNUCCIO, 05100 TERNI TR"	161	75	47,8	61,6	20,8	9,6	79,9
"OSPEDALE REGIONALE UMBERTO PARINI
VIALE GINEVRA 3, 11100 AOSTA AO"	133	91	68,4	74	20,8	2,6	20,6
"OSPEDALE PEDERZOLI CASA DI CURA SPA
VIA MONTE BALDO 24, 37019 PESCHIERA DEL GARDA VR"	8	7	87,5	12,5	0	0	0
"OSPEDALE DI  FELTRE 
VIA BAGNOLS SUR CEZE 3, 32032 FELTRE BL"	156	122	78,2	75	14,7	6,4	57,1
"OSPEDALE DI TREVISO
PIAZZALE OSPEDALE 1, 31100 TREVISO TV"	336	193	57,4	58,6	16,4	11	56
"OSPEDALE DI  ODERZO
VIALE LUZZATTI 45, 31046 ODERZO TV"	74	61	82,4	71,6	17,6	8,1	79,7
"OSPEDALE DI CONEGLIANO 
VIA BRIGATA BISAGNO 4, 31015 CONEGLIANO TV"	188	120	63,8	69,7	14,9	13,3	58
"OSPEDALE DI CASTELFRANCO
VIA DEI CARPANI 16/Z, 31033 CASTELFRANCO VENETO TV"	64	64	100	76,6	20,3	0	71,9
"OSPEDALE DI MONTEBELLUNA
VIA TOGLIATTI 1, 31044 MONTEBELLUNA TV"	130	73	56,2	53,1	18,5	20,8	71,5
"OSPEDALE DI MESTRE
VIA PACCAGNELLA 11, 30174 VENEZIA VE"	307	210	68,4	73,9	15	5,2	53,4
"OSPEDALE DI VENEZIA 
CASTELLO 6777/A, 30122 VENEZIA VE"	89	61	68,5	77,5	15,7	6,7	47,2
"OSPEDALE DI MIRANO
VIA DON GIACOBBE SARTOR 4, 30035 MIRANO VE"	182	77	42,3	51,1	31,3	12,1	29,7
"OSPEDALE DI CHIOGGIA
STRADA MADONNA MARINA 500, 30015 CHIOGGIA VE"	63	4	6,3	39,7	38,1	12,7	1,6
"OSPEDALE DI PORTOGRUARO
VIA PIEMONTE 1, 30026 PORTOGRUARO VE"	1	0	0	0	0	0	0
"OSPEDALE DI SAN DONA' DI PIAVE
VIA NAZARIO SAURO 25, 30027 SAN DONA' DI PIAVE VE"	73	0	0	34,2	45,2	16,4	68,5
"OSPEDALE DI ROVIGO
VIALE TRE MARTIRI 140, 45100 ROVIGO RO"	72	72	100	94,4	1,4	0	25
"OSPEDALE DI ADRIA 
PIAZZA DEGLI ETRUSCHI 9, 45011 ADRIA RO"	74	56	75,7	62,2	24,3	5,4	32,4
"OSPEDALE DI CITTADELLA
VIA RIVA OSPEDALE, 35013 CITTADELLA PD"	231	198	85,7	79,2	9,1	5,6	50,2
"OSPEDALE DI PIOVE DI SACCO
VIA S. ROCCO8, 35028 PIOVE DI SACCO PD"	80	0	0	22,5	62,5	15	36,3
"OSPEDALE DI SCHIAVONIA
VIA ALBERE 30, 35043 MONSELICE PD"	220	135	61,4	72,3	13,6	10,5	75,5
"OSPEDALE DI BASSANO
VIA DEI LOTTI 40, 36061 BASSANO DEL GRAPPA VI"	73	19	26	45,2	26	21,9	74
"OSPEDALE DI ASIAGO
VIA MARTIRI DI GRANEZZA 42, 36012 ASIAGO VI"	41	0	0	53,7	34,1	12,2	58,5
"OSPEDALE DI SANTORSO
VIA GARZIERE 42, 36014 SANTORSO VI"	223	102	45,7	48,9	19,7	26,5	65,9
"OSPEDALE DI VICENZA
VIALE RODOLFI 37, 36100 VICENZA VI"	293	153	52,2	60,4	16,4	15,7	60,4
"OSPEDALE DI ARZIGNANO
VIA DEL PARCO 1, 36071 ARZIGNANO VI"	77	0	0	22,1	37,7	29,9	46,8
"OSPEDALE DI VALDAGNO
VIA G. GALILEI 1, 36078 VALDAGNO VI"	38	38	100	92,1	7,9	0	42,1
"OSPEDALE DI LEGNAGO
VIA GIANELLA 1, 37045 LEGNAGO VR"	103	75	72,8	67	20,4	6,8	4,9
"OSPEDALE DI SAN BONIFACIO
VIA CIRCONVALLAZIONE, 37047 SAN BONIFACIO VR"	127	30	23,6	35,4	32,3	18,9	34,6
"OSPEDALE DI VILLAFRANCA
VIA OSPEDALE 2, 37069 VILLAFRANCA DI VERONA VR"	167	82	49,1	62,9	21,6	12,6	46,7
"AZIENDA OSPEDALE - UNIVERSITA' PADOVA
VIA GIUSTINIANI 1, 35128 PADOVA PD"	257	12	4,7	9,7	21,4	42,4	18,7
"AOUI VERONA BORGO TRENTO
PIAZZALE A. STEFANI1, 37126 VERONA VR"	516	216	41,9	49,8	26,2	17,6	46,1
