Struttura,Indirizzo,Comune,Provincia,Regione,N. totale IVG,N. IVG farmacologiche,+ACU- IVG farmacologiche,+ACU- IVG 8 sett,+ACU- IVG 9+AC0-10 sett,+ACU- IVG 11+AC0-12 sett,+ACU- certificazione consultorio,Latitudine,Longitudine
Presidio Ospedaliero Matera,+ACI-Contrada Cattedra ambulante, 75100 Matera (MT)+ACI-,Matera,Matera,Basilicata,80,64,80,+ACI-57,5+ACI-,15,+ACI-2,5+ACI-,0,+ACI-40,65416+ACI-,+ACI-16,61179+ACI-
Ospedale San Carlo,+ACI-Via Potito Petrone snc, 85100 Potenza (PZ)+ACI-,Potenza,Potenza,Basilicata,246,172,+ACI-70,5+ACI-,+ACI-67,7+ACI-,+ACI-11,5+ACI-,+ACI-11,1+ACI-,+ACI-17,9+ACI-,+ACI-40,65334+ACI-,+ACI-15,80417+ACI-
Ospedale San Giovanni di Dio,+ACI-Via Foggia, 85025 Melfi (PZ)+ACI-,Melfi,Potenza,Basilicata,47,45,+ACI-95,7+ACI-,+ACI-97,9+ACI-,0,0,+ACI-12,8+ACI-,+ACI-40,99653+ACI-,+ACI-15,63933+ACI-
Ospedale San Pio da Pietrelcina di Villa d'Agri,+ACI-Via San Pio s.n.c., 85050 Marsicovetere (PZ)+ACI-,Marsicovetere,Potenza,Basilicata,18,16,+ACI-88,9+ACI-,100,0,0,+ACI-27,8+ACI-,+ACI-40,35494+ACI-,+ACI-15,83164+ACI-
Ospedale San Giovanni,+ACI-Viale Colombo, 85042 Lagonegro (PZ)+ACI-,Lagonegro,Potenza,Basilicata,27,23,+ACI-85,2+ACI-,75,25,0,+ACI-18,5+ACI-,+ACI-40,12026+ACI-,+ACI-15,76238+ACI-
Presidio Ospedaliero San Salvatore,+ACI-Via Vetoio Coppito, 67100 L'Aquila (AQ)+ACI-,L+IBk-Aquila,L+IBk-Aquila,Abruzzo,85,41,+ACI-48,2+ACI-,+ACI-57,3+ACI-,+ACI-24,4+ACI-,11,+ACI-69,4+ACI-,+ACI-42,34301+ACI-,+ACI-13,34773+ACI-
Presidio ospedaliero Santi Filippo e Nicola,+ACI-Via Giuseppe Di Vittorio, 67051 Avezzano (AQ)+ACI-,Avezzano,L+IBk-Aquila,Abruzzo,186,141,+ACI-75,8+ACI-,+ACI-68,9+ACI-,+ACI-15,6+ACI-,+ACI-7,8+ACI-,+ACI-34,1+ACI-,+ACI-42,05264+ACI-,+ACI-13,42043+ACI-
Ospedale Mazzini,+ACI-Piazza Italia, 64100 Teramo (TE)+ACI-,Teramo,Teramo,Abruzzo,413,345,+ACI-83,5+ACI-,77,+ACI-12,1+ACI-,7,+ACI-74,5+ACI-,+ACI-42,66615+ACI-,+ACI-13,71298+ACI-
Presidio ospedaliero Spirito Santo,+ACI-Via Paolini 47, 65124 Pescara (PE)+ACI-,Pescara,Pescara,Abruzzo,36,20,+ACI-55,6+ACI-,+ACI-11,1+ACI-,0,0,+ACI-2,8+ACI-,+ACI-42,46415+ACI-,+ACI-14,19934+ACI-
Presidio ospedaliero San Massimo,+ACI-Via Battaglione Degli Alpini 1, 65017 Penne (PE)+ACI-,Penne,Pescara,Abruzzo,347,0,0,+ACI-76,1+ACI-,+ACI-18,4+ACI-,+ACI-5,5+ACI-,+ACI-23,8+ACI-,+ACI-42,45933+ACI-,+ACI-13,92101+ACI-
Presidio ospedaliero Santissima Annunziata,+ACI-Via dei Vestini, 66100 Chieti (CH)+ACI-,Chieti,Chieti,Abruzzo,5,0,0,0,20,0,0,+ACI-42,37257+ACI-,+ACI-14,14556+ACI-
Presidio ospedaliero San Pio da Pietrelcina,+ACI-Via San Camillo De lellis, 66054 Vasto (CH)+ACI-,Vasto,Vasto,Abruzzo,104,74,+ACI-71,2+ACI-,81,11,7,+ACI-24,3+ACI-,+ACI-42,11817+ACI-,+ACI-14,71058+ACI-
Ospedale Civile Ferrari,+ACI-Viale del Lavoro, 87012 Castrovillari (CS)+ACI-,Castrovillari,Cosenza,Calabria,150,99,+ACI-66,4+ACI-,+ACI-90,5+ACI-,+ACI-7,5+ACI-,+ACI-0,7+ACI-,46,+ACI-39,8187+ACI-,+ACI-16,21757+ACI-
Ospedale Corigliano,+ACI-Viale Rimembranze, 87064 Corigliano Rossano (CS)+ACI-,Corigliano Rossano,Cosenza,Calabria,34,27,+ACI-79,4+ACI-,+ACI-90,5+ACI-,+ACI-4,8+ACI-,+ACI-4,8+ACI-,+ACI-35,3+ACI-,+ACI-39,59395+ACI-,+ACI-16,52042+ACI-
Ospedale Civile San Giovanni di Dio,+ACI-Via Bologna, 88900 Crotone (KR)+ACI-,Crotone,Crotone,Calabria,120,87,+ACI-72,5+ACI-,+ACI-73,1+ACI-,+ACI-20,2+ACI-,+ACI-2,5+ACI-,+ACI-53,3+ACI-,+ACI-39,07979+ACI-,+ACI-17,11999+ACI-
Presidio ospedaliero Lamezia Terme,+ACI-Via Arturo Perugini 1, 88046 Lamezia Terme (CZ)+ACI-,Lamezia Terme,Catanzaro,Calabria,214,182,85,+ACI-79,1+ACI-,+ACI-10,4+ACI-,+ACI-8,5+ACI-,+ACI-42,1+ACI-,+ACI-38,95901+ACI-,+ACI-16,30491+ACI-
Presidio ospedaliero Jazzolino,+ACI-Piazza Fleming, 89900 Vibo Valentia (VV)+ACI-,Vibo Valentia,Vibo Valentia,Calabria,73,66,+ACI-90,4+ACI-,+ACI-88,1+ACI-,+ACI-3,4+ACI-,+ACI-1,7+ACI-,+ACI-9,6+ACI-,+ACI-38,67836+ACI-,+ACI-16,10324+ACI-
Ospedale Basso Ionio,+ACI-Via Don Carlo de Cardona, 88068 Soverato (CZ)+ACI-,Soverato,Catanzaro,Calabria,111,106,+ACI-95,5+ACI-,+ACI-95,5+ACI-,+ACI-1,8+ACI-,0,+ACI-42,3+ACI-,+ACI-38,67846+ACI-,+ACI-16,54957+ACI-
Presidio Ospedaliero Annunziata,+ACI-Via Felice Migliori, 87100 Cosenza (CS)+ACI-,Cosenza,Cosenza,Calabria,300,207,+ACI-69,5+ACI-,+ACI-68,1+ACI-,+ACI-23,9+ACI-,8,+ACI-81,8+ACI-,+ACI-39,29292+ACI-,+ACI-16,24939+ACI-
Ospedale Pugliese,+ACI-Via Pio X, 88100 Catanzaro (CZ)+ACI-,Catanzaro,Catanzaro,Calabria,312,199,+ACI-66,6+ACI-,+ACI-64,4+ACI-,+ACI-15,1+ACI-,+ACI-12,2+ACI-,+ACI-22,1+ACI-,+ACI-38,88033+ACI-,+ACI-16,48619+ACI-
Presidio Ospedaliero Riuniti,+ACI-Via Giuseppe Melacrino 21, 89124 Reggio Calabria (RC)+ACI-,Reggio Calabria,Reggio Calabria,Calabria,247,228,+ACI-92,7+ACI-,+ACI-79,7+ACI-,+ACI-8,4+ACI-,+ACI-5,9+ACI-,+ACI-47,9+ACI-,+ACI-38,11256+ACI-,+ACI-15,6554+ACI-
Presidio Ospedaliero San Giuseppe Moscati,+ACI-Via Gramsci, 81031 Aversa (CE)+ACI-,Aversa,Caserta,Campania,149,88,+ACI-59,1+ACI-,+ACI-75,2+ACI-,+ACI-10,7+ACI-,+ACI-8,7+ACI-,+ACI-53,7+ACI-,+ACI-40,95453+ACI-,+ACI-14,21201+ACI-
Clinica Sant+IBk-Anna,+ACI-Via Roma 124, 81100 Caserta (CE)+ACI-,Caserta,Caserta,Campania,797,169,+ACI-21,2+ACI-,+ACI-62,2+ACI-,+ACI-25,8+ACI-,+ACI-11,9+ACI-,+ACI-12,9+ACI-,+ACI-41,06976+ACI-,+ACI-14,33737+ACI-
Ospedale Civile San Giovanni di Dio,+ACI-Via Pirozzi 66, 80027 Frattamaggiore (NA)+ACI-,Frattamaggiore,Napoli,Campania,182,155,+ACI-85,2+ACI-,+ACI-84,6+ACI-,+ACI-12,6+ACI-,+ACI-2,7+ACI-,+ACI-53,8+ACI-,+ACI-40,94813+ACI-,+ACI-14,27097+ACI-
Ospedale San Giuliano,+ACI-Via Basile, 80014 Giugliano in Campania (NA)+ACI-,Giugliano in Campania,Napoli,Campania,732,605,+ACI-82,7+ACI-,+ACI-83,3+ACI-,+ACI-5,8+ACI-,+ACI-3,6+ACI-,+ACI-60,9+ACI-,+ACI-40,93414+ACI-,+ACI-14,15034+ACI-
Presidio ospedaliero Santa Maria della Speranza,+ACI-Via Fiorignano, 84091 Battipaglia (SA)+ACI-,Battipaglia,Salerno,Campania,73,0,0,11,+ACI-86,3+ACI-,+ACI-2,7+ACI-,+ACI-82,2+ACI-,+ACI-40,60646+ACI-,+ACI-14,98289+ACI-
Presidio Ospedaliero San Luca,+ACI-Via Cammarota, 84078 VallodDella Lucania (SA)+ACI-,Vallo della Lucania,Salerno,Campania,68,0,0,+ACI-58,8+ACI-,+ACI-29,4+ACI-,+ACI-11,8+ACI-,+ACI-38,2+ACI-,+ACI-40,22648+ACI-,+ACI-15,26271+ACI-
Ospedale Santa Maria delle Grazie,+ACI-Via Domitiana localit+AOA- La Schiana, 80078 Pozzuoli (NA)+ACI-,Pozzuoli,Napoli,Campania,196,158,+ACI-80,6+ACI-,+ACI-76,5+ACI-,+ACI-11,2+ACI-,+ACI-9,7+ACI-,+ACI-81,1+ACI-,+ACI-40,83624+ACI-,+ACI-14,0994+ACI-
Presidio ospedaliero De Luca e Rossano,+ACI-Via Caccioppoli, 80069 Vico Equense (NA)+ACI-,Vico Equense,Napoli,Campania,327,93,+ACI-28,4+ACI-,+ACI-47,2+ACI-,+ACI-50,3+ACI-,+ACI-2,5+ACI-,+ACI-99,4+ACI-,+ACI-40,66123+ACI-,+ACI-14,42597+ACI-
Presidio Ospedaliero Marcianise,+ACI-Rione Santella Via Orto dell'Abate, 81025 Marcianise (CE)+ACI-,Marcianise,Caserta,Campania,53,0,0,+ACI-43,4+ACI-,+ACI-52,8+ACI-,+ACI-3,8+ACI-,+ACI-1,9+ACI-,+ACI-41,03567+ACI-,+ACI-14,28777+ACI-
Ospedale Del Mare,+ACI-Via Enrico Russo, 80147 Napoli (NA)+ACI-,Napoli,Napoli,Campania,292,257,88,+ACI-83,2+ACI-,+ACI-11,6+ACI-,+ACI-4,1+ACI-,89,+ACI-40,85102+ACI-,+ACI-14,34323+ACI-
Presidio ospedaliero San Paolo,+ACI-Via Terracina 219, 80125 Napoli (NA)+ACI-,Napoli,Napoli,Campania,532,50,+ACI-9,4+ACI-,+ACI-68,8+ACI-,19,+ACI-7,3+ACI-,0,+ACI-40,82713+ACI-,+ACI-14,18305+ACI-
Azienda Ospedaliera Cardarelli,+ACI-Via Cardarelli 9, 80131 Napoli (NA)+ACI-,Napoli,Napoli,Campania,171,108,+ACI-63,2+ACI-,+ACI-67,8+ACI-,+ACI-19,3+ACI-,+ACI-5,3+ACI-,+ACI-7,1+ACI-,+ACI-40,86502+ACI-,+ACI-14,2264+ACI-
Azienda ospedaliera San Giovanni di Dio e Ruggi,+ACI-Via San Leonardo, 84131 Salerno (SA)+ACI-,Salerno,Salerno,Campania,385,145,+ACI-37,8+ACI-,+ACI-50,6+ACI-,+ACI-31,4+ACI-,+ACI-11,2+ACI-,+ACI-49,6+ACI-,+ACI-40,65319+ACI-,+ACI-14,81813+ACI-
Azienda Ospedaliera San Giuseppe Moscati,+ACI-Contrada Amoretta, 83100 Avellino (AV)+ACI-,Avellino,Avellino,Campania,734,447,+ACI-60,9+ACI-,+ACI-74,4+ACI-,+ACI-14,2+ACI-,+ACI-6,8+ACI-,+ACI-39,5+ACI-,+ACI-40,9277+ACI-,+ACI-14,79911+ACI-
Presidio Ospedaliero Rummo,+ACI-Via Pacevecchia 53, 82100 Benevento (BN)+ACI-,Benevento,Benevento,Campania,176,13,+ACI-7,4+ACI-,+ACI-55,7+ACI-,29,+ACI-2,8+ACI-,0,+ACI-41,11984+ACI-,+ACI-14,79382+ACI-
Azienda ospedaliera Sant'Anna e San Sebastiano,+ACI-Via Palasciano, 81100 Caserta (CE)+ACI-,Caserta,Caserta,Campania,114,8,7,+ACI-43,9+ACI-,+ACI-38,6+ACI-,+ACI-10,5+ACI-,+ACI-3,5+ACI-,+ACI-41,08612+ACI-,+ACI-14,33355+ACI-
Azienda Ospedaliera Universitaria Unicam,+ACI-Via Costantinopoli 104, 80138 Napoli (NA)+ACI-,Napoli,Napoli,Campania,251,115,46,61,+ACI-26,7+ACI-,+ACI-9,6+ACI-,+ACI-5,6+ACI-,+ACI-40,8523+ACI-,+ACI-14,25178+ACI-
Azienda ospedaliera Universitaria Federico II,+ACI-Via Sergio Pansini 5, 80100 Napoli (NA)+ACI-,Napoli,Napoli,Campania,813,423,+ACI-52,1+ACI-,+ACI-48,7+ACI-,+ACI-19,4+ACI-,+ACI-12,5+ACI-,+ACI-1,4+ACI-,+ACI-40,86447+ACI-,+ACI-14,2217+ACI-
Ospedale Guglielmo da Saliceto Piacenza,+ACI-Via Taverna 49, 29100 Piacenza (PC)+ACI-,Piacenza,Piacenza,Emilia Romagna,191,166,86.9,89.5,6.8,2.1,96.3,+ACI-45,05448+ACI-,+ACI-9,68299+ACI-
Ospedale Castel San Giovanni,+ACI-Viale 2 giugno, 29015 Castel San Giovanni (PC)+ACI-,Castel San Giovanni,Piacenza,Emilia Romagna,145,0,0.0,62.8,26.9,10.3,95.9,+ACI-45,05551+ACI-,+ACI-9,44112+ACI-
Ospedale Fidenza,+ACI-Via Don Tincati 5, 43036 Fidenza (PR)+ACI-,Fidenza,Parma,Emilia Romagna,223,155,69.5,73.5,12.6,11.7,71.3,+ACI-44,84862+ACI-,+ACI-10,04104+ACI-
Ospedale Franchini,+ACI-Strada Barilla 16, 42027 Montecchio Emilia (RE)+ACI-,Montecchio Emilia,Reggio Emilia,Emilia Romagna,100,87,87.0,90.0,6.0,4.0,92.0,+ACI-44,70638+ACI-,+ACI-10,44978+ACI-
Ospedale Sant+IBk-Anna,+ACI-Via Roma 2, 42035 Castelnovo ne' Monti (RE)+ACI-,Castelnovo ne+IBk- Monti,Reggio Emilia,Emilia Romagna,18,18,100.0,100.0,0.0,0.0,94.4,+ACI-44,43197+ACI-,+ACI-10,39629+ACI-
Arcispedale Santa Maria Nuova di Reggio,+ACI-Viale Risorgimento 80, 42100 Reggio Emilia (RE)+ACI-,Reggio,Reggio Emilia,Emilia Romagna,537,433,80.8,79.1,6.7,7.4,73.9,+ACI-44,68474+ACI-,+ACI-10,6297+ACI-
Ospedale Ramazzini,+ACI-Via Molinari 2, 41012 Carpi (MO)+ACI-,Carpi,Modena,Emilia Romagna,116,81,69.8,70.7,16.4,12.9,88.8,+ACI-44,78726+ACI-,+ACI-10,8736+ACI-
Ospedale Santa Maria Bianca,+ACI-Via Fogazzaro Antonio 1, 41037 Mirandola (MO)+ACI-,Mirandola,Modena,Emilia Romagna,67,50,74.6,73.1,19.4,6.0,88.1,+ACI-44,88286+ACI-,+ACI-11,06614+ACI-
Ospedale Vignola,+ACI-Via Plessi Cesare 20, 41058 Vignola (MO)+ACI-,Vignola,Modena,Emilia Romagna,2,0,0.0,50.0,50.0,0.0,50.0,+ACI-44,48184+ACI-,+ACI-11,00659+ACI-
Ospedale Civile Nuovo Santa Maria della Scala,+ACI-Via Montericco 4, 40026 Imola (BO)+ACI-,Imola,Bologna,Emilia Romagna,148,96,64.9,74.3,13.5,7.4,85.1,+ACI-44,3579+ACI-,+ACI-11,68896+ACI-
Ospedale Maggiore Pizzardi,+ACI-Largo Bartolo Nigrisoli 2, 40133 Bologna (BO)+ACI-,Bologna,Bologna,Emilia Romagna,377,201,53.3,60.7,17.2,12.2,47.7,+ACI-44,50448+ACI-,+ACI-11,31566+ACI-
Ospedale Costa,+ACI-Via Oreste Zagnoni 3, 40046 Alto Reno Terme (BO)+ACI-,Alto Reno Terme,Bologna,Emilia Romagna,19,19,100.0,100.0,0.0,0.0,0.0,+ACI-44,16325+ACI-,+ACI-10,97025+ACI-
Stabilimento Ospedaliero SS. Annunziata,+ACI-Via Vicini 2, 44042 Cento (FE)+ACI-,Cento,Ferrara,Emilia Romagna,21,7,33.3,42.9,38.1,14.3,61.9,+ACI-44,72412+ACI-,+ACI-11,29086+ACI-
Ospedale Santa Maria delle Croci,+ACI-Viale Randi 5, 48100 Ravenna (RA)+ACI-,Ravenna,Ravenna,Emilia Romagna,206,118,57.3,66.5,17.5,7.3,72.3,+ACI-44,40997+ACI-,+ACI-12,19076+ACI-
Ospedale degli Infermi,+ACI-Viale Stradone 9, 48018 Faenza (RA)+ACI-,Faenza,Ravenna,Emilia Romagna,153,124,81.0,84.3,7.8,7.2,94.1,+ACI-44,28688+ACI-,+ACI-11,87304+ACI-
Ospedale Morgagni Pierantoni,+ACI-Via Forlanini 34, 47121 Forl+AOw- (FC)+ACI-,Forl+AOw-,Forl+AOw- Cesena,Emilia Romagna,181,159,87.8,84.5,9.4,5.0,94.5,+ACI-44,20425+ACI-,+ACI-12,01961+ACI-
Ospedale Maurizio Bufalini Cesena,+ACI-Viale Ghirotti 286, 47023 Cesena (FC)+ACI-,Cesena,Forl+AOw- Cesena,Emilia Romagna,245,188,76.7,70.6,8.2,8.2,73.9,+ACI-44,13471+ACI-,+ACI-12,2597+ACI-
Ospedale Infermi Rimini,+ACI-Viale Settembrini 2, 47900 Rimini (RN)+ACI-,Rimini,Rimini,Emilia Romagna,280,248,88.6,80.4,1.4,6.4,79.3,+ACI-44,04746+ACI-,+ACI-12,58902+ACI-
Nuovo Ospedale Civile di Sassuolo spa,+ACI-Via Francesco Ruini 2, 41049 Sassuolo (MO)+ACI-,Sassuolo,Modena,Emilia Romagna,145,108,74.5,78.6,14.5,5.5,82.1,+ACI-44,53279+ACI-,+ACI-10,79369+ACI-
Ospedale Cervesi,+ACI-Via Beethoven 1, 47841 Cattolica (RN)+ACI-,Cattolica,Rimini,Emilia Romagna,80,0,0.0,18.8,55.0,26.3,86.3,+ACI-43,9525+ACI-,+ACI-12,73606+ACI-
Casa di Cura Citt+AOA- di Parma,+ACI-Piazza Athos Maestri 5, 43100 Parma (PR)+ACI-,Parma,Parma,Emilia Romagna,112,0,0.0,43.8,39.3,17.0,89.3,+ACI-44,78493+ACI-,+ACI-10,33876+ACI-
Ospedale Privato Domus Nova spa,+ACI-Via Pavirani Paolo 44, 48100 Ravenna (RA)+ACI-,Ravenna,Ravenna,Emilia Romagna,24,0,0.0,70.8,25.0,4.2,54.2,+ACI-44,41978+ACI-,+ACI-12,18451+ACI-
Azienda ospedaliero+AC0-universitaria di Parma,+ACI-Via Gramsci 14, 43100 Parma (PR)+ACI-,Parma,Parma,Emilia Romagna,133,106,79.7,59.4,3.8,10.5,59.4,+ACI-44,80492+ACI-,+ACI-10,30977+ACI-
Azienda ospedaliero+AC0-universitaria di Modena,+ACI-Via Del Pozzo 71, 41100 Modena (MO)+ACI-,Modena,Modena,Emilia Romagna,595,525,88.2,82.2,7.6,4.4,54.5,+ACI-44,63582+ACI-,+ACI-10,94261+ACI-
Irccs Azienda ospedaliero+AC0-universitaria,+ACI-Via Giuseppe Massarenti 9, 40138 Bologna (BO)+ACI-,Bologna,Bologna,Emilia Romagna,401,234,58.4,57.6,15.7,10.0,52.4,+ACI-44,48945+ACI-,+ACI-11,3587+ACI-
Azienda ospedaliero+AC0-universitaria di Ferrara,+ACI-Via Aldo Moro 8, 44124 Ferrara (FE)+ACI-,Ferrara,Ferrara,Emilia Romagna,244,145,59.4,61.5,16.4,13.1,71.7,+ACI-44,80046+ACI-,+ACI-11,69387+ACI-
Consultorio Parma Centro +AC0- Casa della Salute,+ACI-Largo Natale Palli 1/a, 43121 Parma (PR)+ACI-,Parma,Parma,Emilia Romagna,74,74,100.0,100.0,0.0,0.0,100.0,+ACI-44,80672+ACI-,+ACI-10,33444+ACI-
Consultorio di Carpi,+ACI-Via Don Luigi Sturzo, 21 , 41012 Carpi (MO)+ACI-,Carpi,Modena,Emilia Romagna,26,26,100.0,100.0,0.0,0.0,100.0,+ACI-44,79814+ACI-,+ACI-10,88482+ACI-
Consultorio Familiare di Modena,+ACI-Via Don Giovanni Minzoni 121, 41125 Modena (MO)+ACI-,Modena,Modena,Emilia Romagna,19,19,100.0,100.0,0.0,0.0,100.0,+ACI-44,6335+ACI-,+ACI-10,92266+ACI-
Consultorio Riccione,+ACI-Via San Miniato 16, 47838 Riccione (RN)+ACI-,Riccione,Rimini,Emilia Romagna,9,9,100.0,100.0,0.0,0.0,55.6,+ACI-43,99652+ACI-,+ACI-12,6478+ACI-
Stabilimento Ospedaliero SS. Annunziata Cento,+ACI-Via Vicini 2, 44042 Cento (FE)+ACI-,Cento,Ferrara,Emilia Romagna,21,21,100.0,100.0,0.0,0.0,57.1,+ACI-44,72412+ACI-,+ACI-11,29086+ACI-
Ospedale di Ravenna,+ACI-Viale Randi 5, 48100 Ravenna (RA)+ACI-,Ravenna,Ravenna,Emilia Romagna,12,12,100.0,100.0,0.0,0.0,75.0,+ACI-44,40997+ACI-,+ACI-12,19076+ACI-
Centro socio+AC0-sanitario Circoscrizione 2,+ACI-Via Berlinguer 11, 48123 Ravenna (RA)+ACI-,Ravenna,Ravenna,Emilia Romagna,31,31,100.0,100.0,0.0,0.0,96.8,+ACI-44,40325+ACI-,+ACI-12,19536+ACI-
Ospedale Maggiore,+ACI-Largo Bartolo Nigrisoli 2, 40133 Bologna (BO)+ACI-,Bologna,Bologna,Emilia Romagna,507,506,99.8,99.4,0.6,0.0,56.4,+ACI-44,50448+ACI-,+ACI-11,31566+ACI-
Ospedale Rimini Poliambulatori,+ACI-Via Settembrini 2, 47900 Rimini (RN)+ACI-,Rimini,Rimini,Emilia Romagna,71,70,98.6,98.6,1.4,0.0,90.1,+ACI-44,04746+ACI-,+ACI-12,58902+ACI-
Azienda ospedaliero+AC0-universitaria di Parma,+ACI-Via Gramsci 14, 43100 Parma (PR)+ACI-,Parma,Parma,Emilia Romagna,142,142,100.0,95.8,4.2,0.0,90.8,+ACI-44,80492+ACI-,+ACI-10,30977+ACI-
Azienda ospedaliero+AC0-universitaria di Ferrara,+ACI-Via Aldo Moro 8, 44124 Ferrara (FE)+ACI-,Ferrara,Ferrara,Emilia Romagna,104,104,100.0,97.1,2.9,0.0,87.5,+ACI-44,80046+ACI-,+ACI-11,69387+ACI-
Consultorio Familiare di San Giovanni in Persiceto,+ACI-Via e. Palma 1, 40017 San Giovanni in Persiceto (BO)+ACI-,San Giovanni in Persiceto,Bologna,Emilia Romagna,25,25,100.0,100.0,0.0,0.0,100.0,+ACI-44,63214+ACI-,+ACI-11,19503+ACI-
Distretto Citta di Piacenza +AC0- Consultorio Familiare,+ACI-Piazzale Milano 6, 29100 Piacenza (PC)+ACI-,Piacenza,Piacenza,Emilia Romagna,44,44,100.0,100.0,0.0,0.0,97.7,+ACI-45,05694+ACI-,+ACI-9,69959+ACI-
Consultorio Familiare Scandiano,+ACI-Via Vallisneri 41, 42019 Reggio Emilia (RE)+ACI-,Reggio,Reggio Emilia,Emilia Romagna,19,19,100.0,100.0,0.0,0.0,100.0,+ACI-44,62959+ACI-,+ACI-10,62774+ACI-
Presidio ospedaliero Santa Maria degli Angeli,+ACI-Via Montereale 24, 33170 Pordenone (PN)+ACI-,Pordenone,Pordenone,Friuli Venezia Giulia,53,22,+ACI-41,5+ACI-,+ACI-50,9+ACI-,+ACI-26,4+ACI-,+ACI-9,4+ACI-,+ACI-49,1+ACI-,+ACI-45,96781+ACI-,+ACI-12,65258+ACI-
Presidio ospedaliero San Vito al Tagliamento,+ACI-Via Savorgnano 2, 33078 San Vito Al Tagliamento (PN)+ACI-,San Vito Al Tagliamento,Pordenone,Friuli Venezia Giulia,276,244,+ACI-88,4+ACI-,+ACI-83,3+ACI-,+ACI-8,3+ACI-,+ACI-5,4+ACI-,+ACI-67,8+ACI-,+ACI-45,91169+ACI-,+ACI-12,85657+ACI-
Presidio ospedaliero Monfalcone,+ACI-Via Galvani 1, 34074 Monfalcone (GO)+ACI-,Monfalcone,Gorizia,Friuli Venezia Giulia,133,36,+ACI-27,1+ACI-,+ACI-63,9+ACI-,+ACI-31,6+ACI-,+ACI-4,5+ACI-,+ACI-70,7+ACI-,+ACI-45,81511+ACI-,+ACI-13,51932+ACI-
Presidio ospedaliero Latisana,+ACI-Via Sabbionera 45, 33053 Latisana (UD)+ACI-,Latisana,Udine,Friuli Venezia Giulia,53,51,+ACI-96,2+ACI-,+ACI-92,5+ACI-,+ACI-1,9+ACI-,+ACI-1,9+ACI-,+ACI-32,1+ACI-,+ACI-45,76914+ACI-,+ACI-13,00162+ACI-
Presidio ospedaliero Palmanova,+ACI-Via Natisone 11, 33057 Palmanova (UD)+ACI-,Palmanova,Udine,Friuli Venezia Giulia,24,1,+ACI-4,2+ACI-,+ACI-20,8+ACI-,+ACI-54,2+ACI-,25,+ACI-12,5+ACI-,+ACI-45,90954+ACI-,+ACI-13,32479+ACI-
Presidio ospedaliero San Daniele,+ACI-Via Trento Trieste 33, 33038 San Daniele del Friuli (UD)+ACI-,San Daniele Del Friuli,Udine,Friuli Venezia Giulia,92,62,+ACI-67,4+ACI-,+ACI-65,2+ACI-,12,+ACI-10,9+ACI-,+ACI-1,1+ACI-,+ACI-46,15076+ACI-,+ACI-13,00804+ACI-
Presidio ospedaliero Tolmezzo,+ACI-Via Morgagni 18, 33028 Tolmezzo (UD)+ACI-,Tolmezzo,Udine,Friuli Venezia Giulia,36,33,+ACI-91,7+ACI-,+ACI-91,7+ACI-,0,+ACI-5,6+ACI-,+ACI-2,8+ACI-,+ACI-46,40352+ACI-,+ACI-13,01754+ACI-
Presidio ospedaliero universitario Santa Maria della Misericordia,+ACI-Piazzale Santa Maria della Misericordia 15, 33100 Udine (UD)+ACI-,Udine,Udine,Friuli Venezia Giulia,262,136,+ACI-51,9+ACI-,+ACI-62,2+ACI-,+ACI-18,7+ACI-,+ACI-11,1+ACI-,+ACI-23,3+ACI-,+ACI-46,07706+ACI-,+ACI-13,2283+ACI-
Ircc San  Burlo Garofolo,+ACI-Via dell+IBk-Istria 65/1, 34137 Trieste (TS)+ACI-,Trieste,Trieste,Friuli Venezia Giulia,313,214,+ACI-68,4+ACI-,+ACI-60,3+ACI-,9,+ACI-14,1+ACI-,46,+ACI-45,64234+ACI-,+ACI-13,78021+ACI-
Polo Ospedaliero Unico Integrato,+ACI-Viale Kennedy, 2100 Rieti (RI)+ACI-,Rieti,Rieti,Lazio,81,11,+ACI-13,6+ACI-,+ACI-38,3+ACI-,+ACI-48,1+ACI-,+ACI-11,1+ACI-,+ACI-71,6+ACI-,+ACI-42,42725+ACI-,+ACI-12,90517+ACI-
Polo Ospedaliero Santo Spirito,+ACI-Lungotevere in Sassia 1, 00193 Roma (RM)+ACI-,Roma,Roma,Lazio,483,221,+ACI-45,8+ACI-,+ACI-56,5+ACI-,+ACI-27,1+ACI-,+ACI-14,7+ACI-,+ACI-58,2+ACI-,+ACI-41,90054+ACI-,+ACI-12,46273+ACI-
Ospedale Anzio Nettuno,+ACI-Via Cupa dei Marmi, 00042 Anzio (RM)+ACI-,Anzio,Roma,Lazio,123,74,+ACI-60,2+ACI-,+ACI-77,2+ACI-,+ACI-17,9+ACI-,+ACI-4,9+ACI-,+ACI-4,9+ACI-,+ACI-41,45807+ACI-,+ACI-12,63712+ACI-
Ospedale San Paolo,+ACI-Largo Donatori Del sangue, 00053 Civitavecchia (RM)+ACI-,Civitavecchia,Roma,Lazio,42,0,0,+ACI-23,8+ACI-,+ACI-47,6+ACI-,+ACI-23,8+ACI-,+ACI-16,7+ACI-,+ACI-42,10521+ACI-,+ACI-11,78826+ACI-
Ospedale San Giuseppe Marino,+ACI-Viale XXIV maggio, 00047 Marino (RM)+ACI-,Marino,Roma,Lazio,299,270,+ACI-90,3+ACI-,88,9,3,+ACI-9,7+ACI-,+ACI-41,76936+ACI-,+ACI-12,6695+ACI-
Ospedale San Giovanni Evangelista,+ACI-Via Parrozzani 3, 00019 Tivoli (RM)+ACI-,Tivoli,Roma,Lazio,49,0,0,+ACI-34,7+ACI-,49,+ACI-14,3+ACI-,+ACI-73,5+ACI-,+ACI-41,96042+ACI-,+ACI-12,80179+ACI-
Ospedale Grassi,+ACI-Via Passeroni 30, 00122 Roma (RM)+ACI-,Roma,Roma,Lazio,313,170,+ACI-54,3+ACI-,+ACI-63,3+ACI-,+ACI-25,6+ACI-,+ACI-8,9+ACI-,+ACI-94,9+ACI-,+ACI-41,72742+ACI-,+ACI-12,29956+ACI-
Ospedale Sant+IBk-Eugenio,+ACI-Piazzale dell'Umanesimo 10, 00144 Roma (RM)+ACI-,Roma,Roma,Lazio,256,167,+ACI-65,2+ACI-,+ACI-61,7+ACI-,+ACI-22,7+ACI-,7,66,+ACI-41,82228+ACI-,+ACI-12,47167+ACI-
Presidio Ospedaliero Nord,+ACI-Via Scaravelli snc, 04100 Latina (LT)+ACI-,Latina,Latina,Lazio,354,144,+ACI-40,7+ACI-,+ACI-46,5+ACI-,32,+ACI-18,4+ACI-,+ACI-62,4+ACI-,+ACI-41,46162+ACI-,+ACI-12,90763+ACI-
Ospedale San Giovanni di Dio Fondi,+ACI-Via San Magno, 04022 (LT)+ACI-,Fondi,Latina,Lazio,145,139,+ACI-95,9+ACI-,+ACI-93,1+ACI-,+ACI-1,4+ACI-,0,+ACI-50,3+ACI-,+ACI-41,36783+ACI-,+ACI-13,40071+ACI-
Presidio Ospedaliero Sud,+ACI-Via Appia Lato Napoli, 04023 Formia (LT)+ACI-,Formia,Latina,Lazio,100,93,+ACI-93,9+ACI-,+ACI-95,9+ACI-,+ACI-4,1+ACI-,0,42,+ACI-41,26307+ACI-,+ACI-13,6619+ACI-
Ospedale San Benedetto Alatri,+ACI-Localit+AOA- Chiappitto, 03011 Alatri (FR)+ACI-,Alatri,Frosinone,Lazio,412,357,+ACI-87,1+ACI-,+ACI-86,7+ACI-,+ACI-9,5+ACI-,+ACI-3,6+ACI-,+ACI-0,5+ACI-,+ACI-41,65734+ACI-,+ACI-13,32217+ACI-
Ospedale Sandro Pertini,+ACI-Via Monti Tiburtini 385, 00157 Roma (RM)+ACI-,Roma,Roma,Lazio,692,422,61,65,+ACI-24,3+ACI-,+ACI-7,9+ACI-,+ACI-35,3+ACI-,+ACI-41,91891+ACI-,+ACI-12,53863+ACI-
Polo Ospedaliero,+ACI-Strada sammartinese, 01100 Viterbo (VT)+ACI-,Viterbo,Viterbo,Lazio,96,76,80,+ACI-31,5+ACI-,+ACI-39,1+ACI-,+ACI-17,4+ACI-,+ACI-29,2+ACI-,+ACI-42,38896+ACI-,+ACI-12,12262+ACI-
Presidio Ospedaliero San Filippo Neri,+ACI-Via Martinotti 20, 00133 Roma (RM)+ACI-,Roma,Roma,Lazio,433,289,+ACI-66,7+ACI-,+ACI-62,4+ACI-,+ACI-13,6+ACI-,+ACI-7,4+ACI-,+ACI-47,1+ACI-,+ACI-41,94701+ACI-,+ACI-12,41548+ACI-
Ospedale dei Castelli,+ACI-Via Nettunense Km 11,5, 00072 Ariccia Rm (RM)+ACI-,Ariccia,Roma,Lazio,2,0,0,50,0,0,0,+ACI-41,70961+ACI-,+ACI-12,63839+ACI-
Policlinico Casilino,+ACI-Via Casilina 1049, 00169 Roma (RM)+ACI-,Roma,Roma,Lazio,88,0,0,+ACI-21,6+ACI-,+ACI-28,4+ACI-,+ACI-12,5+ACI-,+ACI-37,5+ACI-,+ACI-41,86758+ACI-,+ACI-12,59102+ACI-
Azienda ospedaliera San Camillo Forlanini,+ACI-Circonvallazione Gianicolense 87, 00152 Roma (RM)+ACI-,Roma,Roma,Lazio,1504,844,+ACI-56,2+ACI-,+ACI-61,5+ACI-,+ACI-15,7+ACI-,17,+ACI-5,9+ACI-,+ACI-41,87678+ACI-,+ACI-12,44417+ACI-
Azienda Ospedale San Giovanni Addolorata,+ACI-Via dell+AGA-Amba Aradam 9, 00184 Roma (RM)+ACI-,Roma,Roma,Lazio,931,507,+ACI-54,5+ACI-,+ACI-59,7+ACI-,+ACI-19,8+ACI-,+ACI-7,9+ACI-,19,+ACI-41,88436+ACI-,+ACI-12,50134+ACI-
Policlinico Umberto I,+ACI-Viale del Policlinico 155, 00161 Roma (RM)+ACI-,Roma,Roma,Lazio,137,27,+ACI-19,7+ACI-,+ACI-40,4+ACI-,+ACI-21,3+ACI-,11,+ACI-0,7+ACI-,+ACI-41,90782+ACI-,+ACI-12,50922+ACI-
Poliambulatorio Grassi,+ACI-Via Passeroni 30, 00122 Roma (RM)+ACI-,Roma,Roma,Lazio,4,4,100,100,0,0,100,+ACI-41,72742+ACI-,+ACI-12,29956+ACI-
Consultorio Familiare Silone d9,+ACI-Via Ignazio Silone 100, 00143 Roma (RM)+ACI-,Roma,Roma,Lazio,5,5,100,100,0,0,100,+ACI-41,81527+ACI-,+ACI-12,48104+ACI-
Consultorio Familiare Primavalle,+ACI-Via Lodovico Jacobin 6, 00168 Roma (RM)+ACI-,Roma,Roma,Lazio,56,56,100,100,0,0,100,+ACI-41,92019+ACI-,+ACI-12,41493+ACI-
Consultorio Familiare Pietralata,+ACI-Via di Pietralata 497, 00158 Roma (RM)+ACI-,Roma,Roma,Lazio,107,107,100,100,0,0,71,+ACI-41,91722+ACI-,+ACI-12,55546+ACI-
Poliambulatorio Tagliamento,+ACI-Via Tagliamento 19, 00198 Roma (RM)+ACI-,Roma,Roma,Lazio,33,31,+ACI-96,9+ACI-,100,0,0,100,+ACI-41,91943+ACI-,+ACI-12,50187+ACI-
Poliambulatorio Centro Sant+IBk-Anna,+ACI-Via Garigliano 55, 00198 Roma (RM)+ACI-,Roma,Roma,Lazio,291,290,+ACI-99,7+ACI-,100,0,0,+ACI-40,5+ACI-,+ACI-41,9195+ACI-,+ACI-12,50033+ACI-
Lacsm Ariccia,+ACI-Via delle Cerquette 1, 00040 Ariccia (RM)+ACI-,Ariccia,Roma,Lazio,27,27,100,100,0,0,100,+ACI-41,7236+ACI-,+ACI-12,67565+ACI-
Stabilimento Ospedaliero di Imperia,+ACI-Via Sant+IBk-Agata 57, 18100 Imperia (IM)+ACI-,Imperia,Imperia,Liguria,312,202,+ACI-65,4+ACI-,+ACI-66,7+ACI-,+ACI-15,2+ACI-,17,+ACI-72,1+ACI-,+ACI-43,89179+ACI-,+ACI-8,03109+ACI-
Ospedali Galliera,+ACI-Mura Delle Cappuccine 14, 16128 Genova (GE)+ACI-,Genova,Genova,Liguria,4,2,50,0,0,0,0,+ACI-44,39796+ACI-,+ACI-8,94259+ACI-
Ospedale Riuniti Leonardi e Riboli Lavagna,+ACI-Via Don Bobbio 25, 16033 Lavagna (GE)+ACI-,Lavagna,Genova,Liguria,142,104,+ACI-73,8+ACI-,+ACI-73,9+ACI-,+ACI-12,7+ACI-,+ACI-9,9+ACI-,+ACI-35,2+ACI-,+ACI-44,41014+ACI-,+ACI-8,93223+ACI-
Evangelico Internazionale Castelletto,+ACI-Salita Superiore San Rocchino 31/A/,16122 Genova (GE)+ACI-,Genova,Genova,Liguria,4,0,0,0,100,0,50,44414,+ACI-8,94272+ACI-
Evangelico San Carlo Voltri,+ACI-Piazzale Giannasso 4, 16158 Genova (GE)+ACI-,Genova,Genova,Liguria,85,62,+ACI-72,9+ACI-,+ACI-62,4+ACI-,+ACI-14,1+ACI-,+ACI-14,1+ACI-,+ACI-35,3+ACI-,+ACI-44,43019+ACI-,+ACI-8,74572+ACI-
Ospedale Sant+IBk-Andrea,+ACI-Via Vittorio Veneto 197, 19124 La Spezia (SP)+ACI-,La Spezia,La Spezia,Liguria,257,217,+ACI-84,4+ACI-,+ACI-83,3+ACI-,+ACI-9,3+ACI-,+ACI-4,7+ACI-,+ACI-76,3+ACI-,+ACI-44,1118+ACI-,+ACI-9,83234+ACI-
Ospedale San Paolo,+ACI-Via Genova 30 localit+AOA- Valloria, 17100 Savona (SV)+ACI-,Savona,Savona,Liguria,232,155,+ACI-66,8+ACI-,+ACI-66,4+ACI-,+ACI-20,3+ACI-,+ACI-8,6+ACI-,+ACI-64,5+ACI-,+ACI-44,31864+ACI-,+ACI-8,48829+ACI-
Ospedale Villa Scassi,+ACI-Corso Onofrio Scassi 1, 16151 Genova (GE)+ACI-,Genova,Genova,Liguria,632,528,+ACI-83,5+ACI-,+ACI-81,3+ACI-,+ACI-10,3+ACI-,+ACI-7,6+ACI-,+ACI-44,8+ACI-,+ACI-44,41253+ACI-,+ACI-8,89731+ACI-
Irccs Ospedale Policlinico San Martino,+ACI-Largo Rosanna Benzi 10, 16132 Genova (GE)+ACI-,Genova,Genova,Liguria,329,275,+ACI-83,8+ACI-,+ACI-79,3+ACI-,+ACI-8,8+ACI-,+ACI-7,9+ACI-,+ACI-57,8+ACI-,+ACI-44,40735+ACI-,+ACI-8,96932+ACI-
Istituto Gaslini,+ACI-Via Gaslini 5, 16147 Genova (GE)+ACI-,Genova,Genova,Liguria,31,15,+ACI-48,4+ACI-,0,0,8,0,+ACI-44,39153+ACI-,+ACI-8,98837+ACI-
Ospedale di Circolo ,+ACI-Via Arnaldo da Brescia 1, 21052 Busto Arsizio (VA)+ACI-,Busto Arsizio,Varese,Lombardia,57,0,0,+ACI-33,9+ACI-,+ACI-44,6+ACI-,+ACI-7,1+ACI-,+ACI-65,5+ACI-,+ACI-45,62338+ACI-,+ACI-8,84654+ACI-
Ospedale Sant+IBk-Antonio Abate,+ACI-Via Pastori 4, 21013 Gallarate (VA)+ACI-,Gallarate,Varese,Lombardia,273,208,+ACI-76,2+ACI-,+ACI-79,9+ACI-,+ACI-10,6+ACI-,+ACI-7,7+ACI-,+ACI-76,9+ACI-,+ACI-45,65579+ACI-,+ACI-8,79207+ACI-
Ospedale Galmarini,+ACI-Piazza Angelo Zanaboni, 21049 Tradate (VA)+ACI-,Tradate,Varese,Lombardia,228,227,+ACI-99,6+ACI-,+ACI-95,6+ACI-,+ACI-3,5+ACI-,+ACI-0,9+ACI-,+ACI-2,2+ACI-,+ACI-45,72352+ACI-,+ACI-8,9008+ACI-
Stabilimento Cant+APk-,+ACI-Via Domea 4, 22063 Cant+APk- (CO)+ACI-,Cant+APk-,Como,Lombardia,228,0,0,+ACI-30,7+ACI-,+ACI-58,3+ACI-,11,+ACI-85,1+ACI-,+ACI-45,73554+ACI-,+ACI-9,14464+ACI-
Ospedale di Circolo San Leopoldo Mandic,+ACI-Largo San Leopoldo Mandic 1, 23807 Merate (LC)+ACI-,Merate,Lecco,Lombardia,92,45,+ACI-51,7+ACI-,+ACI-77,2+ACI-,13,+ACI-7,6+ACI-,+ACI-67,4+ACI-,+ACI-45,69696+ACI-,+ACI-9,42689+ACI-
Ospedale Sondrio,+ACI-Via Stelvio 25, 23100 Sondrio (SO)+ACI-,Sondrio,Sondrio,Lombardia,122,40,+ACI-32,8+ACI-,+ACI-44,3+ACI-,+ACI-40,2+ACI-,+ACI-13,1+ACI-,+ACI-84,3+ACI-,+ACI-46,17092+ACI-,+ACI-9,87991+ACI-
Presidio ospedaliero Citt+AOA- di Sesto San Giovanni,+ACI-Viale Matteotti 83, 20099 Sesto San Giovanni (MI)+ACI-,Sesto San Giovanni,Milano,Lombardia,311,118,+ACI-38,1+ACI-,+ACI-47,3+ACI-,+ACI-41,8+ACI-,9,+ACI-62,9+ACI-,+ACI-45,53665+ACI-,+ACI-9,22525+ACI-
Presidio ospedaliero Buzzi,+ACI-Via Castelvetro 32, 20154 Milano (MI)+ACI-,Milano,Milano,Lombardia,443,226,51,+ACI-39,1+ACI-,+ACI-18,3+ACI-,+ACI-14,9+ACI-,+ACI-25,5+ACI-,+ACI-45,48586+ACI-,+ACI-9,16637+ACI-
Ospedale Melloni,+ACI-Via Macedonio Melloni 52, 20129 Milano (MI)+ACI-,Milano,Milano,Lombardia,244,86,+ACI-35,2+ACI-,+ACI-50,8+ACI-,+ACI-27,9+ACI-,+ACI-10,7+ACI-,+ACI-54,9+ACI-,+ACI-45,46655+ACI-,+ACI-9,21907+ACI-
Ospedale Salvini,+ACI-Viale Forlanini 95, 20024 Garbagnate Milanese (MI)+ACI-,Garbagnate Milanese,Milano,Lombardia,184,64,+ACI-34,8+ACI-,38,+ACI-32,1+ACI-,+ACI-27,7+ACI-,+ACI-73,9+ACI-,+ACI-45,57566+ACI-,+ACI-9,08145+ACI-
Ospedale Maggiore di Lodi,+ACI-Viale Savoia 1, 26900 Lodi (LO)+ACI-,Lodi,Lodi,Lombardia,323,250,+ACI-77,4+ACI-,+ACI-77,1+ACI-,+ACI-14,9+ACI-,+ACI-7,4+ACI-,+ACI-60,4+ACI-,+ACI-45,31551+ACI-,+ACI-9,51035+ACI-
Presidio Ospedaliero di Desio,+ACI-Via Mazzini 1, 20832 Desio (MB)+ACI-,Desio,Monza e Brianza,Lombardia,194,75,+ACI-38,7+ACI-,+ACI-50,5+ACI-,+ACI-36,1+ACI-,+ACI-12,9+ACI-,+ACI-88,5+ACI-,+ACI-45,6273+ACI-,+ACI-9,19774+ACI-
Presidio Ospedaliero di Carate,+ACI-Via Mos+AOg- Bianchi 9, 20841 Carate Brianza (MB)+ACI-,Carate Brianza,Monza e Brianza,Lombardia,121,38,+ACI-31,4+ACI-,+ACI-55,4+ACI-,+ACI-28,1+ACI-,+ACI-12,4+ACI-,+ACI-62,8+ACI-,+ACI-45,67144+ACI-,+ACI-9,23387+ACI-
Ospedale di Vizzolo Predabissi,+ACI-Via Pandina 1, 20070 Vizzolo Predabissi (MI)+ACI-,Vizzolo Predabissi,Milano,Lombardia,198,108,+ACI-54,5+ACI-,+ACI-76,8+ACI-,+ACI-14,1+ACI-,+ACI-8,1+ACI-,+ACI-56,1+ACI-,+ACI-45,35964+ACI-,+ACI-9,33984+ACI-
Ospedale di Circolo,+ACI-Corso Europa 250, 20017 Rho (MI)+ACI-,Rho,Milano,Lombardia,7,1,+ACI-14,3+ACI-,+ACI-14,3+ACI-,+ACI-57,1+ACI-,+ACI-14,3+ACI-,+ACI-57,1+ACI-,+ACI-45,53373+ACI-,9035
Ospedale Fornaroli,+ACI-Via al Donatore di Sangue 50, 20013 Magenta (MI)+ACI-,Magenta,Milano,Lombardia,107,0,0,+ACI-10,3+ACI-,+ACI-59,8+ACI-,+ACI-20,6+ACI-,+ACI-79,4+ACI-,+ACI-45,47031+ACI-,+ACI-8,89191+ACI-
Presidio Ospedaliero di Vimercate,+ACI-Via Santi Cosma e Damiano 10, 20871 Vimercate (MB)+ACI-,Vimercate,Monza e Brianza,Lombardia,369,118,32,+ACI-54,5+ACI-,+ACI-28,5+ACI-,+ACI-16,3+ACI-,+ACI-69,1+ACI-,+ACI-45,60837+ACI-,+ACI-9,35646+ACI-
Ospedale Uboldo +AC0- Cernusco sul Naviglio,+ACI-Via Uboldo 21, 20063 Cernusco sul Naviglio (MI)+ACI-,Cernusco Sul Naviglio,Milano,Lombardia,130,0,0,+ACI-49,2+ACI-,+ACI-36,2+ACI-,+ACI-14,6+ACI-,+ACI-49,2+ACI-,+ACI-45,52357+ACI-,+ACI-9,32896+ACI-
Ospedale di Treviglio e Caravaggio,+ACI-Piazzale Ospedale Luigi Meneguzzo 1, 24047 Treviglio (BG)+ACI-,Treviglio,Bergamo,Lombardia,14,5,+ACI-35,7+ACI-,+ACI-35,7+ACI-,+ACI-35,7+ACI-,+ACI-28,6+ACI-,+ACI-7,1+ACI-,+ACI-45,51033+ACI-,+ACI-9,61101+ACI-
Ospedale Pesenti Fenaroli,+ACI-Via Mazzini 88, 24022 Alzano Lombardo (BG)+ACI-,Alzano Lombardo,Bergamo,Lombardia,468,407,+ACI-87,2+ACI-,+ACI-85,4+ACI-,9,+ACI-4,5+ACI-,+ACI-32,6+ACI-,+ACI-45,73083+ACI-,+ACI-9,72597+ACI-
Ospedalele SS Trinit+AOA-,+ACI-Via San Francesco d'Assisi 12, 24058 Romano di Lombardia (BG)+ACI-,Romano Di Lombardia,Bergamo,Lombardia,151,27,+ACI-17,9+ACI-,+ACI-21,2+ACI-,51,+ACI-27,8+ACI-,+ACI-7,9+ACI-,+ACI-45,51941+ACI-,+ACI-9,75169+ACI-
Ospedale Bolognini,+ACI-Via Paderno 21, 24068 Seriate (BG)+ACI-,Seriate,Bergamo,Lombardia,15,5,+ACI-35,7+ACI-,+ACI-6,7+ACI-,0,0,0,+ACI-45,68319+ACI-,+ACI-9,71652+ACI-
Presidio Ospedaliero di Chiari,+ACI-Viale Mazzini 8, 25032 Chiari (BS)+ACI-,Chiari,Brescia,Lombardia,71,1,+ACI-1,4+ACI-,+ACI-28,2+ACI-,+ACI-56,3+ACI-,+ACI-14,1+ACI-,+ACI-14,3+ACI-,+ACI-45,53889+ACI-,+ACI-9,93431+ACI-
Ospedale di Desenzano,+ACI-Localit+AOA- Montecroce, 25015 Desenzano del Garda (BS)+ACI-,Desenzano Del Garda,Brescia,Lombardia,146,132,+ACI-90,4+ACI-,89,+ACI-6,2+ACI-,+ACI-4,1+ACI-,+ACI-1,4+ACI-,+ACI-45,47077+ACI-,+ACI-10,52051+ACI-
Ospedale Civile La Memoria,+ACI-Via Andrea Gosa 74, 25085 Gavardo (BS)+ACI-,Gavardo,Brescia,Lombardia,89,78,+ACI-87,6+ACI-,+ACI-91,6+ACI-,+ACI-3,6+ACI-,+ACI-3,6+ACI-,+ACI-26,1+ACI-,+ACI-45,58818+ACI-,+ACI-10,43869+ACI-
Ospedale di Manerbio,+ACI-Via Lungomella Valsecchi 2 , 25025 Manerbio (BS)+ACI-,Manerbio,Brescia,Lombardia,138,40,29,+ACI-41,3+ACI-,+ACI-39,1+ACI-,+ACI-19,6+ACI-,+ACI-0,7+ACI-,+ACI-45,35497+ACI-,+ACI-10,14184+ACI-
Ospedale Civile,+ACI-Corso Milano 19, 27029 Vigevano (PV)+ACI-,Vigevano,Pavia,Lombardia,189,78,+ACI-41,3+ACI-,+ACI-61,9+ACI-,+ACI-26,5+ACI-,+ACI-11,1+ACI-,+ACI-70,4+ACI-,+ACI-45,3216+ACI-,+ACI-8,86694+ACI-
Ospedale Civile,+ACI-Via Volturno 14, 27058 Voghera (PV)+ACI-,Voghera,Pavia,Lombardia,171,131,+ACI-76,6+ACI-,+ACI-78,4+ACI-,+ACI-8,8+ACI-,+ACI-11,1+ACI-,+ACI-46,8+ACI-,+ACI-44,99481+ACI-,+ACI-9,01449+ACI-
Ospedale Maggiore,+ACI-Largo Ugo Dossena 2, 26013 Crema (CR)+ACI-,Crema,Cremona,Lombardia,104,37,+ACI-36,6+ACI-,+ACI-61,2+ACI-,+ACI-22,4+ACI-,+ACI-12,2+ACI-,+ACI-55,4+ACI-,+ACI-45,35447+ACI-,+ACI-9,68086+ACI-
Presidio Ospedaliero di Asola,+ACI-Piazza 80 Fanteria 1, 46041 Asola (MN)+ACI-,Asola,Mantova,Lombardia,48,0,0,+ACI-12,5+ACI-,+ACI-54,2+ACI-,+ACI-33,3+ACI-,+ACI-62,5+ACI-,+ACI-45,22382+ACI-,+ACI-10,41194+ACI-
Ospedale civile Destra Secchia Pieve Coriano,+ACI-Via Bugatte 1, 46020 Borgo Mantovano (MN)+ACI-,Borgo Mantovano,Mantova,Lombardia,67,43,+ACI-64,2+ACI-,+ACI-70,1+ACI-,6,+ACI-16,4+ACI-,+ACI-56,7+ACI-,+ACI-45,03792+ACI-,+ACI-11,11566+ACI-
Ospedale Valcamonica,+ACI-Via Manzoni 142, 25040 Esine (BS)+ACI-,Esine,Brescia,Lombardia,107,77,72,+ACI-69,2+ACI-,+ACI-15,9+ACI-,+ACI-8,4+ACI-,+ACI-2,8+ACI-,+ACI-45,92754+ACI-,+ACI-10,24692+ACI-
Ospedale Civile,+ACI-Via Papa Giovanni Paolo II, 20025 Legnano (MI)+ACI-,Legnano,Milano,Lombardia,97,2,+ACI-2,1+ACI-,+ACI-30,2+ACI-,+ACI-39,6+ACI-,+ACI-15,1+ACI-,+ACI-69,5+ACI-,+ACI-45,58241+ACI-,+ACI-8,88833+ACI-
Ospedale di Circolo Causa Pia Luvini,+ACI-Via Luvini 1, 21033 Cittiglio (VA)+ACI-,Cittiglio,Varese,Lombardia,310,148,+ACI-47,7+ACI-,+ACI-62,6+ACI-,21,+ACI-16,5+ACI-,1,+ACI-45,89456+ACI-,+ACI-8,66754+ACI-
Ospedale M.O. Antonio Locatelli,+ACI-Via Groppini 22, 24020 Piario (BG)+ACI-,Piario,Bergamo,Lombardia,1,0,0,0,100,0,0,+ACI-45,88868+ACI-,+ACI-9,9202+ACI-
Nuovo Ospedale di Broni e Stradella,+ACI-Via Achilli 3, 27049 Stradella (PV)+ACI-,Stradella,Pavia,Lombardia,40,25,+ACI-62,5+ACI-,60,+ACI-32,5+ACI-,+ACI-7,5+ACI-,+ACI-43,6+ACI-,+ACI-45,07726+ACI-,+ACI-9,28762+ACI-
Ospedale Filippo Del Ponte,+ACI-Via Filippo Del Ponte 19, 21100 Varese (VA)+ACI-,Varese,Varese,Lombardia,50,1,2,4,6,32,2,+ACI-45,81525+ACI-,+ACI-8,83427+ACI-
Ospedale Sant+IBk-Anna,+ACI-Via Ravona 20, 22020 San Fermo Della Battaglia (CO)+ACI-,San Fermo Della Battaglia,Como,Lombardia,173,118,+ACI-68,6+ACI-,+ACI-70,5+ACI-,+ACI-5,8+ACI-,11,+ACI-53,5+ACI-,+ACI-45,79636+ACI-,+ACI-9,04487+ACI-
Ospedale di Circolo Manzoni,+ACI-Via dell'Eremo 9/11, 23900 Lecco (LC)+ACI-,Lecco,Lecco,Lombardia,182,131,+ACI-74,9+ACI-,+ACI-65,9+ACI-,+ACI-13,2+ACI-,11,72,+ACI-45,85226+ACI-,+ACI-9,41406+ACI-
Ospedale Papa Giovanni XXIII,+ACI-Piazza Oms 1, 24127 Bergamo (BG)+ACI-,Bergamo,Bergamo,Lombardia,407,121,+ACI-29,7+ACI-,+ACI-44,1+ACI-,+ACI-29,8+ACI-,+ACI-15,8+ACI-,41,+ACI-45,68655+ACI-,+ACI-9,63958+ACI-
Spedali Civili,+ACI-Piazzale Spedali Civili 1, 25123 Brescia (BS)+ACI-,Brescia,Brescia,Lombardia,783,303,+ACI-38,7+ACI-,+ACI-40,2+ACI-,31,+ACI-16,1+ACI-,+ACI-46,5+ACI-,+ACI-45,55555+ACI-,+ACI-10,23233+ACI-
Ospedale Poma,+ACI-Strada Lago Paiolo 10, 46100 Mantova (MN)+ACI-,Mantova,Mantova,Lombardia,289,236,+ACI-83,1+ACI-,82,+ACI-2,4+ACI-,+ACI-7,3+ACI-,+ACI-64,2+ACI-,+ACI-45,14559+ACI-,+ACI-10,77516+ACI-
Ospedale di Cremona,+ACI-Via Largo Priori 1, 26100 Cremona (CR)+ACI-,Cremona,Cremona,Lombardia,238,127,+ACI-53,4+ACI-,+ACI-67,2+ACI-,+ACI-18,9+ACI-,+ACI-9,2+ACI-,43,+ACI-45,12859+ACI-,+ACI-10,05299+ACI-
Ospedale Ca' Granda Niguarda,+ACI-Piazza Ospedale Maggiore 3, 20162 Milano (MI)+ACI-,Milano,Milano,Lombardia,594,267,+ACI-45,5+ACI-,+ACI-65,5+ACI-,+ACI-19,2+ACI-,+ACI-9,9+ACI-,+ACI-76,5+ACI-,+ACI-45,50925+ACI-,+ACI-9,1888+ACI-
Ospedale San Paolo,+ACI-Via Di Rudin+AOw- 8, 20142 Milano (MI)+ACI-,Milano,Milano,Lombardia,584,426,+ACI-73,1+ACI-,+ACI-71,9+ACI-,+ACI-12,3+ACI-,+ACI-12,2+ACI-,+ACI-43,7+ACI-,+ACI-45,43356+ACI-,+ACI-9,1582+ACI-
Ospedale San Carlo Borromeo,+ACI-Via Pio II 3, 20153 Milano (MI)+ACI-,Milano,Milano,Lombardia,421,229,+ACI-54,4+ACI-,+ACI-71,5+ACI-,+ACI-18,3+ACI-,+ACI-9,5+ACI-,+ACI-38,5+ACI-,+ACI-45,46917+ACI-,+ACI-9,11407+ACI-
Ospedale Sacco,+ACI-Via Giovan Battista Grassi 74, 20157 Milano (MI)+ACI-,Milano,Milano,Lombardia,248,125,+ACI-50,4+ACI-,+ACI-63,3+ACI-,+ACI-18,5+ACI-,+ACI-12,1+ACI-,+ACI-39,1+ACI-,+ACI-45,51753+ACI-,+ACI-9,12018+ACI-
Policlinico San Matteo,+ACI-Viale Golgi 19, 27100 Pavia (PV)+ACI-,Pavia,Pavia,Lombardia,302,130,43,+ACI-44,4+ACI-,+ACI-25,8+ACI-,+ACI-16,9+ACI-,+ACI-60,9+ACI-,+ACI-45,19614+ACI-,+ACI-9,14897+ACI-
Policlinico di Milano Ospedale Maggiore Fondazione IRCCS Ca' Granda,+ACI-Via Francesco Sforza 28, 20122 Milano (MI)+ACI-,Milano,Milano,Lombardia,1166,385,33,41,+ACI-22,1+ACI-,+ACI-20,4+ACI-,+ACI-60,5+ACI-,+ACI-45,46039+ACI-,+ACI-9,19593+ACI-
Fondazione Irccs San Gerardo dei Tintori,+ACI-Via Giovanni Battista Pergolesi 33, 20090 Monza (MB)+ACI-,Monza,Monza e Brianza,Lombardia,83,5,6,+ACI-15,7+ACI-,+ACI-21,7+ACI-,12,47,+ACI-45,60058+ACI-,+ACI-9,26052+ACI-
Stabilimento di Urbino,+ACI-Via Comandino 70, 61029 Urbino (PU)+ACI-,Urbino,Pesaro Urbino,Marche,46,18,+ACI-39,1+ACI-,50,+ACI-34,8+ACI-,13,50,+ACI-43,73521+ACI-,+ACI-12,63215+ACI-
Stabilimento di Senigallia,+ACI-Via Cellini 1, 60019 Senigallia (AN)+ACI-,Senigallia,Ancona,Marche,183,98,+ACI-53,6+ACI-,+ACI-72,1+ACI-,+ACI-16,4+ACI-,+ACI-4,4+ACI-,+ACI-84,2+ACI-,+ACI-43,7145+ACI-,+ACI-13,21104+ACI-
Stabilimento di Jesi,+ACI-Via Aldo Moro 25, 60035 Jesi (AN)+ACI-,Jesi,Ancona,Marche,50,0,0,20,62,16,96,43528,+ACI-13,22687+ACI-
Stabilimento di Fabriano,+ACI-Via Stelluti Scala 26, 60044 Fabriano (AN)+ACI-,Fabriano,Ancona,Marche,15,0,0,60,+ACI-33,3+ACI-,+ACI-6,7+ACI-,0,+ACI-43,33965+ACI-,+ACI-12,90782+ACI-
Stabilimento di Civitanova Marche,+ACI-Via Ginevri 1, 62012 Civitanova Marche (MC)+ACI-,Civitanova Marche,Macerata,Marche,74,0,0,+ACI-45,9+ACI-,+ACI-37,8+ACI-,+ACI-12,2+ACI-,+ACI-91,9+ACI-,+ACI-43,30828+ACI-,+ACI-13,69477+ACI-
Stabilimento di Macerata,+ACI-Via Santa Lucia 2, 62100 Macerata (MC)+ACI-,Macerata,Macerata,Marche,286,89,+ACI-31,1+ACI-,51,+ACI-31,8+ACI-,+ACI-11,2+ACI-,+ACI-81,5+ACI-,+ACI-43,29364+ACI-,+ACI-13,45791+ACI-
Stabilimento di Fermo,+ACI-Via Murri 151, 63023 Fermo (FM)+ACI-,Fermo,Fermo,Marche,0,+AC0-,+AC0-,+AC0-,+AC0-,+AC0-,+AC0-,+ACI-43,2309+ACI-,+ACI-13,68573+ACI-
Stabilimento di San Benedetto,+ACI-Via Silvio Pellico 68, 63074 San Benedetto del Tronto (AP)+ACI-,San Benedetto Del Tronto,Ascoli Piceno,Marche,58,25,+ACI-43,1+ACI-,50,+ACI-32,8+ACI-,+ACI-8,6+ACI-,+ACI-70,7+ACI-,+ACI-42,94657+ACI-,+ACI-13,87874+ACI-
Stabilimento di Ascoli Piceno,+ACI-Via degli Iris Monticelli, 63100 Ascoli Piceno (AP)+ACI-,Ascoli Piceno,Ascoli Piceno,Marche,93,80,86,86,+ACI-5,4+ACI-,+ACI-6,5+ACI-,+ACI-52,7+ACI-,42851,+ACI-13,6177+ACI-
Casa di Cura Villa Igea,+ACI-Via Maggini 200, 60127 Ancona (AN)+ACI-,Ancona,Ancona,Marche,88,0,0,+ACI-53,4+ACI-,+ACI-38,6+ACI-,8,+ACI-98,9+ACI-,+ACI-43,59222+ACI-,+ACI-13,49935+ACI-
Stabilimento di Urbino,+ACI-Via Comandino 70, 61029 Urbino (PU)+ACI-,Urbino,Pesaro Urbino,Marche,59,53,+ACI-89,8+ACI-,+ACI-81,4+ACI-,0,0,+ACI-37,3+ACI-,+ACI-43,73521+ACI-,+ACI-12,63215+ACI-
Stabilimento di Fano,+ACI-Via Vittorio Veneto 2, 61032 Fano (PU)+ACI-,Fano,Pesaro Urbino,Marche,158,61,+ACI-38,6+ACI-,+ACI-53,2+ACI-,+ACI-32,3+ACI-,+ACI-12,7+ACI-,+ACI-53,8+ACI-,+ACI-43,83827+ACI-,+ACI-13,02094+ACI-
Stabilimento Salesi,+ACI-Via Corridoni 11+AC0-16, 60100 Ancona (AN)+ACI-,Ancona,Ancona,Marche,40,3,+ACI-7,5+ACI-,25,25,15,+ACI-57,5+ACI-,+ACI-43,61674+ACI-,+ACI-13,53189+ACI-
Presidio Ospedaliero Cardarelli,+ACI-Via Montalb+API- Snc contrada Tappino, 86100 Campobasso (CB)+ACI-,Campobasso,Campobasso,Molise,260,212,+ACI-81,5+ACI-,+ACI-87,3+ACI-,+ACI-8,5+ACI-,+ACI-3,5+ACI-,+ACI-16,2+ACI-,+ACI-41,54614+ACI-,+ACI-14,62277+ACI-
Ospedale Centrale,+ACI-Via Boehler 5, 39100 Bolzano (BZ)+ACI-,Bolzano,Bolzano,Trentino+AC0-Alto Adige,377,168,+ACI-44,8+ACI-,+ACI-46,2+ACI-,+ACI-26,8+ACI-,+ACI-19,4+ACI-,+ACI-3,5+ACI-,+ACI-46,49928+ACI-,+ACI-11,3096+ACI-
Ospedale Aziendale di Merano,+ACI-Via Rossini 5, 39012 Merano (BZ)+ACI-,Merano,Bolzano,Trentino+AC0-Alto Adige,170,94,+ACI-55,3+ACI-,+ACI-67,1+ACI-,+ACI-20,6+ACI-,+ACI-11,2+ACI-,0,+ACI-46,62697+ACI-,+ACI-11,1834+ACI-
Presidio Ospedaliero Santa Chiara,+ACI-Largo Medaglie d'Oro 9, 38122 Trento (TN)+ACI-,Trento,Trento,Trentino+AC0-Alto Adige,335,321,+ACI-95,8+ACI-,+ACI-84,2+ACI-,+ACI-4,8+ACI-,3,+ACI-81,5+ACI-,+ACI-46,05694+ACI-,11132
Presidio Ospedaliero Villa Igea,+ACI-Via Malta 16, 38122 Trento (TN)+ACI-,Trento,Trento,Trentino+AC0-Alto Adige,117,0,0,+ACI-16,2+ACI-,+ACI-49,6+ACI-,+ACI-34,2+ACI-,+ACI-89,7+ACI-,+ACI-46,06184+ACI-,+ACI-11,12779+ACI-
Ospedale di Rovereto,+ACI-Corso Verona 4, 38068 Rovereto (TN)+ACI-,Rovereto,Trento,Trentino+AC0-Alto Adige,145,114,+ACI-78,6+ACI-,+ACI-76,6+ACI-,+ACI-4,8+ACI-,+ACI-6,9+ACI-,+ACI-57,9+ACI-,+ACI-45,88201+ACI-,+ACI-11,04076+ACI-
Presidio Ospedaliero di Cavalese,+ACI-Via Dossi 21, 38033 Cavalese (TN)+ACI-,Cavalese,Trento,Trentino+AC0-Alto Adige,5,5,100,80,20,0,80,+ACI-46,28789+ACI-,+ACI-11,45366+ACI-
Ospedale Maria Vittoria,+ACI-Via Cibrario Luigi 72, 10144 Torino (TO)+ACI-,Torino,Torino,Piemonte,90,77,+ACI-85,6+ACI-,+ACI-88,9+ACI-,+ACI-3,3+ACI-,+ACI-3,3+ACI-,50,+ACI-45,08146+ACI-,+ACI-7,6563+ACI-
Ospedale Maggiore,+ACI-Via De Maria 1, 10023 Chieri (TO)+ACI-,Chieri,Torino,Piemonte,109,83,+ACI-76,9+ACI-,+ACI-81,8+ACI-,+ACI-12,1+ACI-,+ACI-6,1+ACI-,+ACI-72,5+ACI-,+ACI-45,01129+ACI-,+ACI-7,82283+ACI-
Ospedale Santa Croce,+ACI-Piazza Amedeo Ferdinando 3, 10024 Moncalieri (TO)+ACI-,Moncalieri,Torino,Piemonte,85,68,80,+ACI-79,8+ACI-,+ACI-8,3+ACI-,+ACI-7,1+ACI-,+ACI-79,3+ACI-,+ACI-45,00155+ACI-,+ACI-7,68966+ACI-
Ospedale San Biagio,+ACI-Piazza Vittime dei lager nazifascisti 1, 28845 Domodossola (VB)+ACI-,Domodossola,Verbania,Piemonte,46,31,+ACI-67,4+ACI-,+ACI-79,1+ACI-,14,7,+ACI-58,7+ACI-,+ACI-46,11733+ACI-,+ACI-8,28672+ACI-
Stabilimento Ospedaliero Castelli,+ACI-Via Fiume 18, 28925 Verbania (VB)+ACI-,Verbania,Verbania,Piemonte,118,86,+ACI-73,5+ACI-,+ACI-71,8+ACI-,+ACI-20,4+ACI-,+ACI-5,8+ACI-,+ACI-54,7+ACI-,+ACI-45,92724+ACI-,+ACI-8,54776+ACI-
Istituto SS. Trinit+AOA-,+ACI-Viale Zoppis 10, 28021 Borgomanero (NO)+ACI-,Borgomanero,Novara,Piemonte,28,2,+ACI-7,1+ACI-,+ACI-35,7+ACI-,+ACI-42,9+ACI-,+ACI-14,3+ACI-,+ACI-78,6+ACI-,+ACI-45,70455+ACI-,+ACI-8,45843+ACI-
Ospedale Martini,+ACI-Via Tofane 71, 10141 Torino (TO)+ACI-,Torino,Torino,Piemonte,180,175,+ACI-97,2+ACI-,+ACI-92,7+ACI-,+ACI-5,6+ACI-,+ACI-1,7+ACI-,+ACI-60,6+ACI-,+ACI-45,06724+ACI-,+ACI-7,62866+ACI-
Presidio Ospedale Cardinal Massaia,+ACI-Corso Dante 202, 14100 Asti (AT)+ACI-,Asti,Asti,Piemonte,208,164,80,+ACI-76,5+ACI-,+ACI-14,2+ACI-,+ACI-5,4+ACI-,+ACI-84,9+ACI-,+ACI-44,91229+ACI-,+ACI-8,19699+ACI-
Ospedale Sant'Andrea,+ACI-Corso Abbiate Mario 21, 13100 Vercelli (VC)+ACI-,Vercelli,Vercelli,Piemonte,3,1,+ACI-33,3+ACI-,+ACI-33,3+ACI-,+ACI-33,3+ACI-,0,0,+ACI-45,3174+ACI-,+ACI-8,4144+ACI-
Ospedale SS. Pietro E Paolo,+ACI-Via Ilorini Mo a. f. 20, 13011 Borgosesia (VC)+ACI-,Borgosesia,Vercelli,Piemonte,129,103,+ACI-81,1+ACI-,+ACI-86,8+ACI-,+ACI-10,1+ACI-,+ACI-2,3+ACI-,+ACI-19,5+ACI-,+ACI-45,71177+ACI-,+ACI-8,27826+ACI-
Ospedale Civico,+ACI-Corso Ferraris Galileo 3, 10034 Chivasso (TO)+ACI-,Chivasso,Torino,Piemonte,182,161,+ACI-88,5+ACI-,+ACI-82,4+ACI-,+ACI-12,1+ACI-,+ACI-5,5+ACI-,+ACI-79,1+ACI-,+ACI-45,19116+ACI-,+ACI-7,8954+ACI-
Presidio ospedaliero riunito,+ACI-Via Battitore 7/9, 10073 Ciri+AOg- (TO)+ACI-,Ciri+AOg-,Torino,Piemonte,77,51,+ACI-94,4+ACI-,+ACI-92,6+ACI-,+ACI-7,4+ACI-,0,+ACI-77,6+ACI-,+ACI-45,23555+ACI-,+ACI-7,59902+ACI-
Ospedale Civile,+ACI-Piazza Della Credenza 2, 10015 Ivrea (TO)+ACI-,Ivrea,Torino,Piemonte,163,132,81,+ACI-82,1+ACI-,+ACI-11,1+ACI-,+ACI-6,2+ACI-,+ACI-76,1+ACI-,+ACI-45,46694+ACI-,+ACI-7,87216+ACI-
Ospedale Santo Spirito,+ACI-Viale Giolitti Giovanni 2, 15033 Casale Monferrato (AL)+ACI-,Casale Monferrato,Alessandria,Piemonte,97,53,+ACI-62,4+ACI-,70,18,8,66,+ACI-45,12116+ACI-,+ACI-8,44672+ACI-
Ospedale San Giacomo Novi,+ACI-Via Raggio Edilio 12 , 15067 Novi Ligure (AL)+ACI-,Novi Ligure,Alessandria,Piemonte,150,90,60,76,16,+ACI-6,7+ACI-,+ACI-80,7+ACI-,+ACI-44,75869+ACI-,+ACI-8,79358+ACI-
Ospedale Civile Agnelli,+ACI-Via Brigata Cagliari 39, 10064 Pinerolo (TO)+ACI-,Pinerolo,Torino,Piemonte,94,79,84,+ACI-90,3+ACI-,+ACI-4,3+ACI-,+ACI-3,2+ACI-,84,+ACI-44,88318+ACI-,+ACI-7,31996+ACI-
Ospedale degli Infermi,+ACI-Via dei Ponderanesi 2, 13875 Ponderano (BI)+ACI-,Ponderano,Biella,Piemonte,173,143,+ACI-82,7+ACI-,+ACI-80,7+ACI-,+ACI-12,3+ACI-,+ACI-4,7+ACI-,+ACI-80,3+ACI-,+ACI-45,54368+ACI-,+ACI-8,06188+ACI-
Ospedale Michele Ferrero e Pietro Ferrero,+ACI-Strada Tanaro 7/9, 12060 Verduno (CN)+ACI-,Verduno,Cuneo,Piemonte,146,120,+ACI-82,2+ACI-,+ACI-81,4+ACI-,+ACI-9,7+ACI-,+ACI-6,2+ACI-,+ACI-76,7+ACI-,+ACI-44,67398+ACI-,+ACI-7,93587+ACI-
Ospedale Degli Infermi,+ACI-Via Rivalta 29 , 10098 Rivoli (TO)+ACI-,Rivoli,Torino,Piemonte,110,94,+ACI-85,5+ACI-,+ACI-93,5+ACI-,+ACI-4,3+ACI-,+ACI-1,1+ACI-,+ACI-86,4+ACI-,+ACI-45,02433+ACI-,+ACI-7,57497+ACI-
Ospedale di Mondov+AOw-,+ACI-Strada Di San Rocchetto 99, 12084 Mondov+AOw- (CN)+ACI-,Mondov+AOw-,Cuneo,Piemonte,88,88,100,+ACI-95,5+ACI-,+ACI-2,3+ACI-,0,+ACI-73,9+ACI-,+ACI-44,39126+ACI-,+ACI-7,80039+ACI-
Ospedale di Savigliano,+ACI-Via Ospedali 5, 12038 Savigliano (CN)+ACI-,Savigliano,Cuneo,Piemonte,50,0,0,+ACI-22,4+ACI-,+ACI-55,1+ACI-,+ACI-20,4+ACI-,+ACI-77,6+ACI-,+ACI-44,64379+ACI-,+ACI-7,66065+ACI-
Ospedale Maggiore della carit+AOA-,+ACI-Corso Mazzini Giuseppe 18, 28100 Novara (NO)+ACI-,Novara,Novara,Piemonte,371,298,+ACI-80,3+ACI-,+ACI-76,6+ACI-,+ACI-9,2+ACI-,+ACI-10,1+ACI-,+ACI-11,1+ACI-,+ACI-45,44394+ACI-,+ACI-8,62246+ACI-
Azienda ospedaliera Santa Croce e Carle,+ACI-Via Coppino Michele 26, 12100 Cuneo (CN)+ACI-,Cuneo,Cuneo,Piemonte,237,173,73,+ACI-76,4+ACI-,+ACI-11,8+ACI-,+ACI-5,9+ACI-,+ACI-71,7+ACI-,+ACI-44,38486+ACI-,+ACI-7,53631+ACI-
Ospedale civile SS. Antonio e Biagio,+ACI-Via Venezia 16, 15121 Alessandria (AL)+ACI-,Alessandria,Alessandria,Piemonte,184,121,+ACI-65,8+ACI-,+ACI-81,4+ACI-,+ACI-8,5+ACI-,+ACI-7,9+ACI-,+ACI-96,2+ACI-,+ACI-44,91519+ACI-,+ACI-8,62139+ACI-
Ospedale Mauriziano Umberto I,+ACI-Largo Turati 62, 10128 Torino (TO)+ACI-,Torino,Torino,Piemonte,79,69,+ACI-87,3+ACI-,+ACI-87,7+ACI-,+ACI-8,8+ACI-,+ACI-1,8+ACI-,+ACI-35,4+ACI-,+ACI-45,05042+ACI-,+ACI-7,66541+ACI-
Ospedale Ostetrico Ginecologico Sant'Anna,+ACI-Corso Spezia 60, 10126 Torino (TO)+ACI-,Torino,Torino,Piemonte,2028,1437,+ACI-70,9+ACI-,+ACI-61,6+ACI-,+ACI-14,6+ACI-,+ACI-11,3+ACI-,63,+ACI-45,03608+ACI-,+ACI-7,67407+ACI-
Ospedale Cerignola Tatarella,+ACI-Via Arcangelo Murgolo, 71042 Cerignola (FG)+ACI-,Cerignola,Foggia,Puglia,331,28,+ACI-8,5+ACI-,+ACI-49,8+ACI-,+ACI-42,9+ACI-,+ACI-3,3+ACI-,+ACI-2,1+ACI-,+ACI-41,26172+ACI-,+ACI-15,88668+ACI-
Ospedale Sacro Cuore di Ges+APk-,+ACI-Strada provincile Alezio+AC0-Gallipoli, 73014 Gallipoli (LE)+ACI-,Gallipoli,Lecce,Puglia,71,56,+ACI-78,9+ACI-,80,+ACI-14,3+ACI-,+ACI-5,7+ACI-,+ACI-47,9+ACI-,+ACI-40,0578+ACI-,+ACI-18,01321+ACI-
Casa di Cura Santa Maria,+ACI-Via De Ferrariis 24, 70124 Bari (BA)+ACI-,Bari,Bari,Puglia,168,0,0,+ACI-72,6+ACI-,+ACI-26,8+ACI-,+ACI-0,6+ACI-,+ACI-0,6+ACI-,+ACI-41,10796+ACI-,+ACI-16,86283+ACI-
Casa di Cura Monte Imperatore,+ACI-Strada provinciale Noci +AC0- Castellaneta km.10, 70015 Noci (BA)+ACI-,Noci,Bari,Puglia,187,0,0,+ACI-54,5+ACI-,+ACI-33,7+ACI-,+ACI-11,8+ACI-,+ACI-7,5+ACI-,+ACI-40,77941+ACI-,+ACI-17,09067+ACI-
Casa di Cura Mater Dei,+ACI-Via Hahnemann 10, 70126 Bari (BA)+ACI-,Bari,Bari,Puglia,301,0,0,+ACI-68,8+ACI-,+ACI-26,1+ACI-,+ACI-5,1+ACI-,0,+ACI-41,09827+ACI-,+ACI-16,88637+ACI-
Presidio ospedaliero della Murgia Perinei,+ACI-Strada statale 96 Km 73,800, 70022 Altamura (BA)+ACI-,Altamura,Bari,Puglia,108,104,+ACI-96,3+ACI-,+ACI-90,6+ACI-,+ACI-2,8+ACI-,+ACI-0,9+ACI-,+ACI-19,4+ACI-,+ACI-40,8319+ACI-,+ACI-16,55622+ACI-
Presidio ospedaliero San Paolo,+ACI-Via Caposcardicchio 1, 70123 Bari (BA)+ACI-,Bari,Bari,Puglia,815,580,+ACI-71,3+ACI-,+ACI-64,4+ACI-,11,+ACI-11,6+ACI-,+ACI-17,7+ACI-,+ACI-41,12086+ACI-,+ACI-16,78534+ACI-
Presidio ospedaliero Monopoli,+ACI-Largo Simone Veneziani 21, 70043 Monopoli (BA)+ACI-,Monopoli,Bari,Puglia,23,20,87,+ACI-43,5+ACI-,0,13,+ACI-17,4+ACI-,+ACI-40,94893+ACI-,+ACI-17,29772+ACI-
Ospedale Francavilla Fontana,+ACI-Via Monsignor Armando Franco, 72021 Francavilla Fontana (BR)+ACI-,Francavilla Fontana,Brindisi,Puglia,33,0,0,+ACI-39,4+ACI-,+ACI-48,5+ACI-,+ACI-12,1+ACI-,+ACI-21,2+ACI-,+ACI-40,54037+ACI-,+ACI-17,57883+ACI-
Ospedale San Severo +AC0- Teresa Masselli,+ACI-Viale 2 Giugno, 71016 San Severo (FG)+ACI-,San Severo,Foggia,Puglia,2,2,100,100,0,0,100,+ACI-41,68684+ACI-,+ACI-15,38018+ACI-
Ospedale Scorrano,+ACI-Via Delli Ponti, 73020 Scorrano (LE)+ACI-,Scorrano,Lecce,Puglia,79,50,+ACI-63,3+ACI-,+ACI-65,4+ACI-,+ACI-20,5+ACI-,+ACI-14,1+ACI-,+ACI-77,2+ACI-,+ACI-40,09499+ACI-,+ACI-18,30036+ACI-
Ospedale Castellaneta,+ACI-Via del Mercato 60, 74011 Castellaneta (TA)+ACI-,Castellaneta,Taranto,Puglia,340,338,+ACI-99,4+ACI-,+ACI-99,1+ACI-,+ACI-0,6+ACI-,+ACI-0,3+ACI-,+ACI-14,1+ACI-,+ACI-40,63336+ACI-,+ACI-16,93374+ACI-
Ospedale di Venere,+ACI-Via Ospedale di Venere 1, 70010 Bari (BA)+ACI-,Bari,Bari,Puglia,953,925,+ACI-97,1+ACI-,+ACI-86,9+ACI-,+ACI-4,4+ACI-,+ACI-0,2+ACI-,+ACI-51,7+ACI-,+ACI-41,07476+ACI-,+ACI-16,86984+ACI-
Ospedale Perrino Brindisi,+ACI-Strada statale 7 per Mesagne, 72100 Brindisi (BR)+ACI-,Brindisi,Brindisi,Puglia,211,189,+ACI-89,6+ACI-,+ACI-73,9+ACI-,+ACI-11,4+ACI-,+ACI-7,1+ACI-,+ACI-30,8+ACI-,+ACI-40,62638+ACI-,+ACI-17,91717+ACI-
Ospedale Lecce Fazzi,+ACI-Piazzetta Muratore, 73100 Lecce (LE)+ACI-,Lecce,Lecce,Puglia,644,397,+ACI-61,6+ACI-,72,+ACI-13,8+ACI-,5,57,+ACI-40,35565+ACI-,+ACI-18,1797+ACI-
Ospedale SS. Annunziata,+ACI-Via Bruno, 74121 Taranto (TA)+ACI-,Taranto,Taranto,Puglia,181,37,+ACI-20,4+ACI-,+ACI-31,5+ACI-,+ACI-50,8+ACI-,+ACI-12,2+ACI-,+ACI-17,1+ACI-,+ACI-40,41204+ACI-,+ACI-17,22043+ACI-
Ospedale Monsignor Dimiccoli,+ACI-Viale Ippocrate 15, 76121 Barletta (BT)+ACI-,Barletta,Barletta Andria Trani,Puglia,354,277,+ACI-78,2+ACI-,+ACI-80,2+ACI-,+ACI-11,9+ACI-,+ACI-5,9+ACI-,+ACI-22,6+ACI-,+ACI-41,31553+ACI-,+ACI-16,25859+ACI-
Ospedale Bisceglie,+ACI-Via Bovio 279/A, 76011 Bisceglie (BT)+ACI-,Bisceglie,Barletta Andria Trani,Puglia,141,122,+ACI-86,5+ACI-,+ACI-69,8+ACI-,23,+ACI-1,4+ACI-,+ACI-22,7+ACI-,+ACI-41,24329+ACI-,+ACI-16,49322+ACI-
Consorziale Policlinico Bari,+ACI-Piazza Giulio Cesare 11, 70124 Bari (BA)+ACI-,Bari,Bari,Puglia,17,8,+ACI-47,1+ACI-,+ACI-37,5+ACI-,+ACI-12,5+ACI-,+ACI-12,5+ACI-,0,+ACI-41,11208+ACI-,+ACI-16,86189+ACI-
Ospedali Riuniti,+ACI-Viale Luigi Pinto 1, 71222 Foggia (FG)+ACI-,Foggia,Foggia,Puglia,416,17,+ACI-4,1+ACI-,51,29,+ACI-7,7+ACI-,+ACI-12,8+ACI-,+ACI-41,46019+ACI-,+ACI-15,53384+ACI-
Ospedale Civile Alghero,+ACI-Via Don Minzoni, 07041 Alghero (SS)+ACI-,Alghero,Sassari,Sardegna,53,47,+ACI-88,7+ACI-,83,+ACI-7,5+ACI-,+ACI-5,7+ACI-,+ACI-13,2+ACI-,+ACI-40,57464+ACI-,+ACI-8,32168+ACI-
Presidio ospedaliero Giovanni Paolo II,+ACI-Via Bazzoni Sircana, 07026 Olbia Ss, 07026 Olbia (SS)+ACI-,Olbia,Sassari,Sardegna,206,50,+ACI-24,3+ACI-,+ACI-45,6+ACI-,34,+ACI-14,1+ACI-,+ACI-14,6+ACI-,+ACI-40,91365+ACI-,+ACI-9,47573+ACI-
Presidio ospedaliero San Francesco,+ACI-Via Mannironi, 08100 Nuoro (NU)+ACI-,Nuoro,Nuoro,Sardegna,94,62,66,+ACI-71,6+ACI-,+ACI-10,2+ACI-,+ACI-9,1+ACI-,+ACI-12,8+ACI-,+ACI-40,32619+ACI-,+ACI-9,31753+ACI-
Presidio ospedaliero Nostra Signora della Mercede,+ACI-Via Giuseppe Pilia, 08045 Lanusei (NU)+ACI-,Lanusei,Nuoro,Sardegna,5,0,0,60,20,20,60,+ACI-39,87965+ACI-,+ACI-9,54105+ACI-
Presidio ospedaliero CTO,+ACI-Via Cattaneo, 09016 Iglesias (SU)+ACI-,Iglesias,Sud Sardegna,Sardegna,38,27,73,+ACI-89,2+ACI-,+ACI-5,4+ACI-,0,0,+ACI-39,31078+ACI-,+ACI-8,52502+ACI-
Presidio ospedaliero SS. trinit+AOA-,+ACI-Via Is Mirrionis 92, 09121 Cagliari (CA)+ACI-,Cagliari,Cagliari,Sardegna,234,207,+ACI-88,5+ACI-,+ACI-67,5+ACI-,+ACI-9,8+ACI-,+ACI-13,7+ACI-,+ACI-20,5+ACI-,+ACI-39,23604+ACI-,+ACI-9,10783+ACI-
Presidio Ospedaliero Nostra Signora di Bonaria,+ACI-Via Roma 1, 09038 San Gavino Monreale (SU)+ACI-,San Gavino Monreale,Sud Sardegna,Sardegna,78,50,+ACI-64,1+ACI-,+ACI-92,3+ACI-,+ACI-1,3+ACI-,+ACI-2,6+ACI-,+ACI-34,6+ACI-,+ACI-39,54662+ACI-,+ACI-8,78737+ACI-
Casa di Cura Sant+IBk-Anna srl,+ACI-Via La Vega 9, 09127 Cagliari (CA)+ACI-,Cagliari,Cagliari,Sardegna,70,0,0,+ACI-35,7+ACI-,+ACI-38,6+ACI-,+ACI-25,7+ACI-,+ACI-1,4+ACI-,+ACI-39,22609+ACI-,+ACI-9,11727+ACI-
Casa di Cura Villa Elena,+ACI-Via Dante 133, 09128 Cagliari (CA)+ACI-,Cagliari,Cagliari,Sardegna,60,0,0,65,+ACI-23,3+ACI-,+ACI-11,7+ACI-,+ACI-3,3+ACI-,+ACI-39,20333+ACI-,+ACI-9,16303+ACI-
Presidio Ospedaliero San Martino,+ACI-Via Rockefeller snc, 09170 Oristano (OR)+ACI-,Oristano,Oristano,Sardegna,64,33,+ACI-51,6+ACI-,+ACI-68,8+ACI-,+ACI-14,1+ACI-,+ACI-14,1+ACI-,+ACI-12,5+ACI-,+ACI-39,93519+ACI-,+ACI-8,57297+ACI-
Stabilimento San Michele,+ACI-Piazzale Ricchi 1, 09134 Cagliari (CA)+ACI-,Cagliari,Cagliari,Sardegna,90,62,+ACI-68,9+ACI-,+ACI-45,6+ACI-,+ACI-25,6+ACI-,+ACI-16,7+ACI-,+ACI-15,6+ACI-,+ACI-39,25017+ACI-,+ACI-9,10753+ACI-
Presidio ospedaliero Microcitemico Cao,+ACI-Via Jenner, 09121 Cagliari (CA)+ACI-,Cagliari,Cagliari,Sardegna,12,0,0,0,0,+ACI-58,3+ACI-,0,+ACI-39,24168+ACI-,+ACI-9,11586+ACI-
Stabilimento Cliniche di San Pietro,+ACI-Viale San Pietro 43, 07100 Sassari (SS)+ACI-,Sassari,Sassari,Sardegna,248,88,+ACI-35,5+ACI-,+ACI-52,8+ACI-,+ACI-27,4+ACI-,+ACI-7,7+ACI-,+ACI-3,2+ACI-,+ACI-40,7215+ACI-,+ACI-8,55354+ACI-
Policlinico Monserrato,+ACI-Ss 554 Km 4,500 Policlinico Monserrato, 09100 Cagliari (CA)+ACI-,Cagliari,Cagliari,Sardegna,110,74,+ACI-67,3+ACI-,+ACI-54,5+ACI-,20,+ACI-13,6+ACI-,+ACI-11,8+ACI-,+ACI-39,21454+ACI-,+ACI-9,11049+ACI-
Presidio ospedaliero San Giovanni di Dio,+ACI-Contradada Consolida, 92100 Agrigento (AG)+ACI-,Agrigento,Agrigento,Sicilia,106,16,+ACI-15,1+ACI-,+ACI-44,3+ACI-,+ACI-36,8+ACI-,+ACI-7,5+ACI-,+ACI-40,6+ACI-,+ACI-37,35161+ACI-,+ACI-13,60926+ACI-
Presidio ospedaliero Barone Lombardo,+ACI-Viale Giudice Saetta snc, 92024 Canicatt+AOw- (AG)+ACI-,Canicatt+AOw-,Agrigento,Sicilia,124,0,0,+ACI-55,6+ACI-,+ACI-40,3+ACI-,4,20,+ACI-37,35237+ACI-,+ACI-13,83237+ACI-
Presidio ospedaliero San Giacomo d'Altopasso,+ACI-Contrada Cannavecchia, 92027 Licata (AG)+ACI-,Licata,Agrigento,Sicilia,79,50,+ACI-65,8+ACI-,n.d.,n.d.,n.d.,+ACI-19,2+ACI-,+ACI-37,10681+ACI-,+ACI-13,92631+ACI-
Presidio ospedaliero Giovanni Paolo II,+ACI-Via Pompei +AC0- contrada Seniazza, 92019 Sciacca (AG)+ACI-,Sciacca,Agrigento,Sicilia,89,6,+ACI-6,7+ACI-,+ACI-49,4+ACI-,+ACI-38,2+ACI-,+ACI-6,7+ACI-,+ACI-13,5+ACI-,+ACI-37,52515+ACI-,+ACI-13,07298+ACI-
Presidio ospedaliero Santa Marta e Santa Venera,+ACI-Via Caronia s.n., 95024 Acireale (CT)+ACI-,Acireale,Catania,Sicilia,184,182,+ACI-98,9+ACI-,+ACI-97,3+ACI-,+ACI-1,6+ACI-,+ACI-1,1+ACI-,+ACI-28,1+ACI-,+ACI-37,6176+ACI-,15145
Presidio ospedaliero Chiello,+ACI-Contrada Bellia, 94015 Piazza Armerina (EN)+ACI-,Piazza Armerina,Enna,Sicilia,175,175,100,0,0,88,+ACI-54,1+ACI-,+ACI-37,40301+ACI-,+ACI-14,38079+ACI-
Presidio ospedaliero Civico,+ACI-Via Circonvallazione 1, 90047 Partinico (PA)+ACI-,Partinico,Palermo,Sicilia,39,39,100,+ACI-94,9+ACI-,+ACI-5,1+ACI-,0,100,+ACI-38,03701+ACI-,+ACI-13,11602+ACI-
Presidio ospedaliero San Cimino,+ACI-Via Salvatore Cimino, 90018 Termini Imerese (PA)+ACI-,Termini Imerese,Palermo,Sicilia,102,76,+ACI-74,5+ACI-,+ACI-72,5+ACI-,+ACI-13,7+ACI-,+ACI-4,9+ACI-,+ACI-43,6+ACI-,+ACI-37,98461+ACI-,+ACI-13,68685+ACI-
Presidio ospedaliero Ingrassia,+ACI-Corso calatafimi, 1002, 90100 Palermo (PA)+ACI-,Palermo,Palermo,Sicilia,83,1,+ACI-1,2+ACI-,+ACI-44,6+ACI-,+ACI-51,8+ACI-,+ACI-2,4+ACI-,+ACI-27,7+ACI-,+ACI-38,09487+ACI-,+ACI-13,31022+ACI-
Ospedale Giovanni Paolo II,+ACI-Contrada Cisternazzi Via Tiralongo s.n.c, 97100 Ragusa (RG)+ACI-,Ragusa,Ragusa,Sicilia,144,124,+ACI-86,1+ACI-,+ACI-83,3+ACI-,+ACI-6,9+ACI-,+ACI-2,8+ACI-,+ACI-35,4+ACI-,+ACI-36,90168+ACI-,+ACI-14,68668+ACI-
Ospedale Maggiore,+ACI-Via Aldo Moro, 97015 Modica (RG)+ACI-,Modica,Ragusa,Sicilia,350,270,+ACI-77,1+ACI-,+ACI-78,3+ACI-,+ACI-10,9+ACI-,+ACI-7,7+ACI-,+ACI-43,1+ACI-,+ACI-36,83732+ACI-,+ACI-14,76367+ACI-
Ospedale Guzzardi Vittoria,+ACI-Via Papa Giovanni XXIII, 97019 Vittoria (RG)+ACI-,Vittoria,Ragusa,Sicilia,36,26,+ACI-72,2+ACI-,+ACI-66,7+ACI-,+ACI-22,2+ACI-,+ACI-5,6+ACI-,50,+ACI-36,95455+ACI-,+ACI-14,54398+ACI-
Presidio ospedaliero di Maria Avola,+ACI-Contrada Chiusa di Carlo, 96012 Avola (SR)+ACI-,Avola,Siracusa,Sicilia,37,3,+ACI-8,1+ACI-,+ACI-43,2+ACI-,+ACI-40,5+ACI-,+ACI-5,4+ACI-,+ACI-10,8+ACI-,+ACI-36,93062+ACI-,+ACI-15,16114+ACI-
Presidio ospedaliero Umberto I,+ACI-Via Testaferrata 1, 96100 Siracusa (SR)+ACI-,Siracusa,Siracusa,Sicilia,224,17,+ACI-7,6+ACI-,+ACI-59,4+ACI-,+ACI-29,9+ACI-,+ACI-6,3+ACI-,+ACI-35,3+ACI-,+ACI-37,07306+ACI-,+ACI-15,28255+ACI-
Presidio ospedaliero Sant+IBk-Antonio Abate,+ACI-Via Cosenza, 82, 91016 Erice (TP)+ACI-,Erice,Trapani,Sicilia,257,98,+ACI-38,1+ACI-,+ACI-55,3+ACI-,+ACI-31,1+ACI-,7,+ACI-14,4+ACI-,+ACI-38,02788+ACI-,+ACI-12,54904+ACI-
Presidio ospedaliero Abele Ajello,+ACI-Via Salemi 175, 91026 Mazara del Vallo (TP)+ACI-,Mazara del Vallo,Trapani,Sicilia,52,51,+ACI-98,1+ACI-,+ACI-88,2+ACI-,+ACI-7,8+ACI-,0,+ACI-40,4+ACI-,+ACI-37,65674+ACI-,+ACI-12,59856+ACI-
Casa di Cura Candela spa,+ACI-Via Villareale 54, 90141 Palermo (PA)+ACI-,Palermo,Palermo,Sicilia,52,38,+ACI-73,1+ACI-,+ACI-88,5+ACI-,+ACI-9,6+ACI-,+ACI-1,9+ACI-,+ACI-32,7+ACI-,+ACI-38,1204+ACI-,+ACI-13,34544+ACI-
Casa di Cura Serena spa,+ACI-Via della Regione Siciliana 1470, 90135 Palermo (PA)+ACI-,Palermo,Palermo,Sicilia,7,7,100,100,0,0,+ACI-14,3+ACI-,+ACI-38,11641+ACI-,+ACI-13,32861+ACI-
Azienda ospedaliera per l'emergenza Cannizzaro,+ACI-Via Messina 829, 95126 Catania (CT)+ACI-,Catania,Catania,Sicilia,172,22,+ACI-12,8+ACI-,+ACI-39,5+ACI-,+ACI-34,9+ACI-,+ACI-6,4+ACI-,+ACI-4,1+ACI-,+ACI-37,54086+ACI-,+ACI-15,1203+ACI-
Nuovo Ospedale Garibaldi +AC0- Nesima,+ACI-Via Palermo 636, 95122 Catania (CT)+ACI-,Catania,Catania,Sicilia,650,42,+ACI-6,5+ACI-,+ACI-27,1+ACI-,+ACI-40,8+ACI-,+ACI-23,1+ACI-,2,+ACI-37,50954+ACI-,+ACI-15,04477+ACI-
Presidio Ospedaliero San Marco,+ACI-Viale Carlo Azeglio Ciampi, 95121 Catania (CT)+ACI-,Catania,Catania,Sicilia,145,1,+ACI-0,7+ACI-,+ACI-17,2+ACI-,+ACI-46,2+ACI-,+ACI-22,1+ACI-,+ACI-2,8+ACI-,+ACI-37,48274+ACI-,+ACI-15,04057+ACI-
Azienda Ospedale Universtiaria Martino,+ACI-Viale Gazzi, 98124 Messina (ME)+ACI-,Messina,Messina,Sicilia,340,150,+ACI-44,2+ACI-,+ACI-56,8+ACI-,+ACI-23,5+ACI-,+ACI-9,4+ACI-,+ACI-18,6+ACI-,+ACI-38,16634+ACI-,+ACI-15,53724+ACI-
Presidio ospedaliero Cervello,+ACI-Via Trabucco 180, 90146 Palermo (PA)+ACI-,Palermo,Palermo,Sicilia,390,269,+ACI-70,2+ACI-,+ACI-81,3+ACI-,+ACI-3,3+ACI-,+ACI-2,1+ACI-,+ACI-16,8+ACI-,+ACI-38,15332+ACI-,+ACI-13,31504+ACI-
Ospedale Civico,+ACI-Piazza Nicola leotta, 90127 Palermo Pa, 90127 Palermo (PA)+ACI-,Palermo,Palermo,Sicilia,445,232,+ACI-52,1+ACI-,+ACI-60,9+ACI-,+ACI-22,7+ACI-,9,11,+ACI-38,10441+ACI-,+ACI-13,35572+ACI-
Azienda ospedaliera universitaria Giaccone,+ACI-Via del Vespro 129, 90127 Palermo (PA)+ACI-,Palermo,Palermo,Sicilia,117,62,+ACI-54,4+ACI-,+ACI-60,7+ACI-,+ACI-28,2+ACI-,6,0,+ACI-38,10474+ACI-,+ACI-13,36274+ACI-
Presidio Ospedaliero di Carrara,+ACI-Piazza Sacco e Vanzetti, 54033 Carrara (MS)+ACI-,Carrara,Massa Carrara,Toscana,172,172,100,+ACI-98,3+ACI-,+ACI-1,7+ACI-,0,+ACI-81,4+ACI-,+ACI-44,07965+ACI-,+ACI-10,10306+ACI-
Ospedale delle Apuane,+ACI-Via Mattei 21, 54100 Massa (MS)+ACI-,Massa,Massa Carrara,Toscana,66,4,+ACI-6,1+ACI-,+ACI-10,9+ACI-,+ACI-53,1+ACI-,+ACI-26,6+ACI-,+ACI-63,1+ACI-,+ACI-44,01568+ACI-,+ACI-10,09758+ACI-
Presidio Ospedaliero San Luca,+ACI-Via Guglielmo Lippi Francesconi, 55100 Lucca (LU)+ACI-,Lucca,Lucca,Toscana,172,119,+ACI-69,2+ACI-,+ACI-71,1+ACI-,17,+ACI-8,2+ACI-,82,+ACI-43,84219+ACI-,+ACI-10,52934+ACI-
Ospedale San Jacopo,+ACI-Via Ciliegiole 97, 51100 Pistoia (PT)+ACI-,Pistoia,Pistoia,Toscana,8,2,25,+ACI-14,3+ACI-,0,0,25,+ACI-43,92466+ACI-,+ACI-10,90717+ACI-
Ospedale della Valdinievole,+ACI-via Cesare Battisti, 51017 Pescia (PT)+ACI-,Pescia,Pistoia,Toscana,253,199,+ACI-78,7+ACI-,+ACI-83,6+ACI-,+ACI-9,7+ACI-,+ACI-5,9+ACI-,+ACI-77,9+ACI-,+ACI-43,90358+ACI-,10692
Nuovo Ospedale Santo Stefano,+ACI-Via Suor Niccolina Infermiera 20/22, 59100 Prato (PO)+ACI-,Prato,Prato,Toscana,489,319,+ACI-65,2+ACI-,66,+ACI-15,3+ACI-,13,+ACI-34,3+ACI-,+ACI-43,88969+ACI-,+ACI-11,06542+ACI-
Presidio Ospedaliero Santa Maria Maddalena,+ACI-Borgo San Lazzaro 5, 56048 Volterra (PI)+ACI-,Volterra,Pisa,Toscana,44,36,+ACI-81,8+ACI-,+ACI-87,8+ACI-,+ACI-12,2+ACI-,0,+ACI-68,2+ACI-,+ACI-43,35934+ACI-,+ACI-10,80528+ACI-
Presidio ospedaliero Lotti Stabilimento di Pontedera,+ACI-Via Roma 180, 56025 Pontedera (PI)+ACI-,Pontedera,Pisa,Toscana,245,166,+ACI-67,8+ACI-,+ACI-75,2+ACI-,+ACI-11,6+ACI-,7,71,+ACI-43,65895+ACI-,+ACI-10,63287+ACI-
Ospedale di Livorno,+ACI-Viale Alfieri 36, 57124 Livorno (LI)+ACI-,Livorno,Livorno,Toscana,219,132,+ACI-60,3+ACI-,+ACI-67,6+ACI-,+ACI-17,1+ACI-,+ACI-12,4+ACI-,+ACI-84,9+ACI-,+ACI-43,55009+ACI-,+ACI-10,32711+ACI-
Ospedale di Villamarina,+ACI-Via Forlanini 24, 57025 Piombino (LI)+ACI-,Piombino,Livorno,Toscana,46,44,+ACI-95,7+ACI-,+ACI-95,5+ACI-,+ACI-2,3+ACI-,+ACI-2,3+ACI-,50,+ACI-42,93973+ACI-,+ACI-10,5103+ACI-
Ospedale Civile di Cecina,+ACI-Via Montanara 52b, 47023 Cecina (LI)+ACI-,Cecina,Livorno,Toscana,95,62,+ACI-65,3+ACI-,+ACI-70,2+ACI-,+ACI-11,7+ACI-,+ACI-10,6+ACI-,+ACI-57,9+ACI-,+ACI-43,31351+ACI-,+ACI-10,5276+ACI-
Ospedale di Portoferraio,+ACI-Localit+AOA- San Rocco, 57037 Portoferraio (LI)+ACI-,Portoferraio,Livorno,Toscana,37,29,+ACI-78,4+ACI-,+ACI-81,1+ACI-,+ACI-13,5+ACI-,+ACI-5,4+ACI-,+ACI-75,7+ACI-,+ACI-42,8157+ACI-,+ACI-10,32149+ACI-
Ospedale del Casentino,+ACI-Viale Filippo Turati, 52011 Bibbiena (AR)+ACI-,Bibbiena,Arezzo,Toscana,33,33,100,+ACI-93,9+ACI-,+ACI-6,1+ACI-,0,+ACI-81,8+ACI-,+ACI-43,69664+ACI-,+ACI-11,81857+ACI-
Ospedale Area Aretina Nord,+ACI-Via Nenni, 52100 Arezzo (AR)+ACI-,Arezzo,Arezzo,Toscana,205,149,+ACI-72,7+ACI-,+ACI-75,1+ACI-,+ACI-11,2+ACI-,+ACI-8,8+ACI-,+ACI-84,2+ACI-,+ACI-43,46144+ACI-,+ACI-11,86564+ACI-
Ospedale della Misericordia,+ACI-Via Senese 169, 58100 Grosseto (GR)+ACI-,Grosseto,Grosseto,Toscana,210,113,+ACI-53,8+ACI-,+ACI-58,1+ACI-,+ACI-21,9+ACI-,+ACI-12,9+ACI-,+ACI-72,9+ACI-,+ACI-42,77587+ACI-,+ACI-11,12284+ACI-
Ospedale di Borgo San Lorenzo,+ACI-Viale della Resistenza, 50032 Borgo San Lorenzo (FI)+ACI-,Borgo San Lorenzo,Firenze,Toscana,16,4,25,+ACI-12,5+ACI-,+ACI-31,3+ACI-,+ACI-6,3+ACI-,+ACI-43,8+ACI-,+ACI-43,9573+ACI-,+ACI-11,37818+ACI-
Ospedale Santa Maria Annunziata,+ACI-Via dell'Antella 58, 50012 Bagno a Ripoli (FI)+ACI-,Bagno a Ripoli,Firenze,Toscana,16,1,+ACI-6,3+ACI-,0,+ACI-6,3+ACI-,+ACI-43,8+ACI-,60,+ACI-43,73164+ACI-,+ACI-11,30903+ACI-
Ospedale Piero Palagi,+ACI-Viale Michelangelo 41, 50125 Firenze (FI)+ACI-,Firenze,Firenze,Toscana,758,484,+ACI-63,9+ACI-,+ACI-68,1+ACI-,+ACI-21,9+ACI-,10,65,+ACI-43,76286+ACI-,+ACI-11,26393+ACI-
Ospedale San Giovanni di Dio Torregalli,+ACI-Via Torre Galli 3, 50143 Firenze (FI)+ACI-,Firenze,Firenze,Toscana,10,2,20,0,0,+ACI-22,2+ACI-,70,+ACI-43,75874+ACI-,+ACI-11,20328+ACI-
Ospedale dell'alta Val d'Elsa,+ACI-Localit+AOA- Campostaggia, 53036 Poggibonsi (SI)+ACI-,Poggibonsi,Siena,Toscana,69,41,+ACI-59,4+ACI-,+ACI-68,1+ACI-,+ACI-14,5+ACI-,+ACI-10,1+ACI-,58,+ACI-43,46789+ACI-,+ACI-11,14921+ACI-
Ospedali Riuniti della Val di Chiana,+ACI-Via Provinciale Montepulciano 5, 53045 Montepulciano (SI)+ACI-,Montepulciano,Siena,Toscana,89,65,73,+ACI-69,7+ACI-,+ACI-16,9+ACI-,+ACI-10,1+ACI-,+ACI-38,2+ACI-,+ACI-43,11175+ACI-,+ACI-11,79254+ACI-
Ospedale Versilia,+ACI-Via Aurelia 335, 55043 Camaiore (LU)+ACI-,Camaiore,Lucca,Toscana,144,75,+ACI-52,1+ACI-,+ACI-65,3+ACI-,25,+ACI-6,9+ACI-,+ACI-80,6+ACI-,+ACI-43,91151+ACI-,+ACI-10,22399+ACI-
Ospedale Nuovo Valdarno,+ACI-Piazza del Volontariato 2 localit+AOA- Gruccia, 52025 Montevarchi (AR)+ACI-,Montevarchi,Arezzo,Toscana,102,35,+ACI-34,3+ACI-,+ACI-70,6+ACI-,+ACI-19,6+ACI-,+ACI-8,8+ACI-,+ACI-95,1+ACI-,+ACI-43,54553+ACI-,+ACI-11,55322+ACI-
Ospedale San Giuseppe,+ACI-Viale Boccaccio, 50053 Empoli (FI)+ACI-,Empoli,Firenze,Toscana,160,102,+ACI-63,8+ACI-,+ACI-62,3+ACI-,17,+ACI-16,4+ACI-,+ACI-41,1+ACI-,+ACI-43,72198+ACI-,+ACI-10,93225+ACI-
Azienda ospedaliero universitaria Pisana,+ACI-Via Roma 67, 56126 Pisa (PI)+ACI-,Pisa,Pisa,Toscana,156,69,+ACI-44,2+ACI-,+ACI-39,1+ACI-,+ACI-24,4+ACI-,+ACI-16,7+ACI-,+ACI-51,3+ACI-,+ACI-43,72211+ACI-,+ACI-10,39577+ACI-
Azienda ospedaliera universitaria Senese,+ACI-Viale Bracci localit+AOA- Le Scotte, 53100 Siena (SI)+ACI-,Siena,Siena,Toscana,161,79,+ACI-49,1+ACI-,+ACI-60,9+ACI-,+ACI-19,9+ACI-,+ACI-14,9+ACI-,+ACI-46,6+ACI-,+ACI-43,33719+ACI-,+ACI-11,32482+ACI-
Azienda ospedaliera universitaria Careggi,+ACI-Largo Brambilla 3, 50134 Firenze (FI)+ACI-,Firenze,Firenze,Toscana,463,267,+ACI-57,7+ACI-,60,+ACI-16,5+ACI-,+ACI-12,3+ACI-,+ACI-7,1+ACI-,+ACI-43,80351+ACI-,+ACI-11,24561+ACI-
Ospedale di Citt+AOA- di Castello,+ACI-Via Luigi Angelini 10, 06012 Citt+AOA- di Castello (PG)+ACI-,Citt+AOA- di Castello,Perugia,Umbria,39,34,+ACI-87,2+ACI-,+ACI-56,4+ACI-,+ACI-20,5+ACI-,+ACI-10,3+ACI-,41,+ACI-43,46175+ACI-,+ACI-12,2396+ACI-
Ospedale di Umbertide,+ACI-Via Cavour 40, 06019 Umbertide (PG)+ACI-,Umbertide,Perugia,Umbria,108,78,+ACI-72,9+ACI-,+ACI-68,1+ACI-,+ACI-21,3+ACI-,+ACI-10,6+ACI-,+ACI-45,4+ACI-,+ACI-43,30924+ACI-,+ACI-12,32593+ACI-
Stabilimento ospedaliero Media Valle Del Tevere,+ACI-Via del Buda, localit+AOA- Pantalla, 06059 Todi (PG)+ACI-,Todi,Perugia,Umbria,213,200,+ACI-93,9+ACI-,+ACI-99,5+ACI-,0,0,+ACI-47,9+ACI-,+ACI-42,87821+ACI-,+ACI-12,40255+ACI-
Ospedale Civile San Matteo degli Infermi,+ACI-Via Loreto 3, 06049 Spoleto (PG)+ACI-,Spoleto,Perugia,Umbria,113,104,92,+ACI-97,9+ACI-,+ACI-2,1+ACI-,0,+ACI-75,2+ACI-,+ACI-42,73364+ACI-,+ACI-12,73032+ACI-
Santa Maria della Stella,+ACI-Localit+AOA- Ciconia, 05018 Orvieto (TR)+ACI-,Orvieto,Terni,Umbria,80,55,+ACI-68,8+ACI-,+ACI-68,2+ACI-,+ACI-15,2+ACI-,+ACI-9,1+ACI-,+ACI-43,8+ACI-,+ACI-42,7195+ACI-,+ACI-12,11442+ACI-
Stabilimento Ospedaliero di Narni,+ACI-Via Cappuccini Nuovi 3, 05035 Narni (TR)+ACI-,Narni,Terni,Umbria,5,5,100,100,0,0,80,+ACI-42,51688+ACI-,+ACI-12,52201+ACI-
Ospedale San Giovanni Battista,+ACI-Via Arcamone, 06034 Foligno (PG)+ACI-,Foligno,Perugia,Umbria,42,14,+ACI-33,3+ACI-,+ACI-2,9+ACI-,+ACI-2,9+ACI-,+ACI-34,3+ACI-,50,+ACI-42,95438+ACI-,+ACI-12,71076+ACI-
Presidio Ospedaliero Gubbio e Gualdo Tadino,+ACI-Largo Unit+AOA- d+IBk-Italia, localit+AOA- Branca, 06024 Gubbio (PG)+ACI-,Gubbio,Perugia,Umbria,90,74,+ACI-84,1+ACI-,+ACI-79,4+ACI-,+ACI-5,9+ACI-,+ACI-4,4+ACI-,40,+ACI-43,26809+ACI-,+ACI-12,68765+ACI-
Azienda Ospedaliera di Perugia,+ACI-Piazzale Giorgio Menghini 8/9, 06129 Perugia (PG)+ACI-,Perugia,Perugia,Umbria,111,15,+ACI-13,5+ACI-,+ACI-4,1+ACI-,+ACI-29,6+ACI-,+ACI-20,4+ACI-,+ACI-54,1+ACI-,+ACI-43,08025+ACI-,+ACI-12,3565+ACI-
Azienda Ospedaliera Santa Maria,+ACI-Via Tristano di Joannuccio, 05100 Terni (TR)+ACI-,Terni,Terni,Umbria,161,75,+ACI-47,8+ACI-,+ACI-61,6+ACI-,+ACI-20,8+ACI-,+ACI-9,6+ACI-,+ACI-79,9+ACI-,+ACI-42,55595+ACI-,+ACI-12,65556+ACI-
Ospedale Regionale Umberto Parini,+ACI-Viale Ginevra 3, 11100 Aosta (AO)+ACI-,Aosta,Aosta,Valle d'Aosta,133,91,+ACI-68,4+ACI-,74,+ACI-20,8+ACI-,+ACI-2,6+ACI-,+ACI-20,6+ACI-,+ACI-45,74052+ACI-,+ACI-7,31435+ACI-
Ospedale Pederzoli Casa di Cura spa,+ACI-Via Monte Baldo 24, 37019 Peschiera Del Garda (VR)+ACI-,Peschiera Del Garda,Verona,Veneto,8,7,+ACI-87,5+ACI-,+ACI-12,5+ACI-,0,0,0,+ACI-45,44347+ACI-,+ACI-10,70553+ACI-
Ospedale di Feltre,+ACI-Via Bagnols Sur Ceze 3, 32032 Feltre (BL)+ACI-,Feltre,Belluno,Veneto,156,122,+ACI-78,2+ACI-,75,+ACI-14,7+ACI-,+ACI-6,4+ACI-,+ACI-57,1+ACI-,+ACI-46,02248+ACI-,+ACI-11,90721+ACI-
Ospedale di Treviso,+ACI-Piazzale Ospedale 1, 31100 Treviso (TV)+ACI-,Treviso,Treviso,Veneto,336,193,+ACI-57,4+ACI-,+ACI-58,6+ACI-,+ACI-16,4+ACI-,11,56,+ACI-45,65966+ACI-,+ACI-12,2613+ACI-
Ospedale di Oderzo,+ACI-Viale Luzzatti 45, 31046 Oderzo (TV)+ACI-,Oderzo,Treviso,Veneto,74,61,+ACI-82,4+ACI-,+ACI-71,6+ACI-,+ACI-17,6+ACI-,+ACI-8,1+ACI-,+ACI-79,7+ACI-,+ACI-45,78152+ACI-,+ACI-12,48803+ACI-
Ospedale di Conegliano,+ACI-Via Brigata Bisagno 4, 31015 Conegliano (TV)+ACI-,Conegliano,Treviso,Veneto,188,120,+ACI-63,8+ACI-,+ACI-69,7+ACI-,+ACI-14,9+ACI-,+ACI-13,3+ACI-,58,+ACI-45,88176+ACI-,+ACI-12,29024+ACI-
Ospedale di Castelfranco,+ACI-Via Dei Carpani 16/z, 31033 Castelfranco Veneto (TV)+ACI-,Castelfranco Veneto,Treviso,Veneto,64,64,100,+ACI-76,6+ACI-,+ACI-20,3+ACI-,0,+ACI-71,9+ACI-,+ACI-45,67941+ACI-,+ACI-11,93166+ACI-
Ospedale di Montebelluna,+ACI-Via Togliatti 1, 31044 Montebelluna (TV)+ACI-,Montebelluna,Treviso,Veneto,130,73,+ACI-56,2+ACI-,+ACI-53,1+ACI-,+ACI-18,5+ACI-,+ACI-20,8+ACI-,+ACI-71,5+ACI-,+ACI-45,77573+ACI-,+ACI-12,03594+ACI-
Ospedale di Mestre,+ACI-Via Paccagnella 11, 30174 Venezia (VE)+ACI-,Venezia,Venezia,Veneto,307,210,+ACI-68,4+ACI-,+ACI-73,9+ACI-,15,+ACI-5,2+ACI-,+ACI-53,4+ACI-,+ACI-45,51104+ACI-,12224
Ospedale di Venezia,+ACI-Castello 6777/a, 30122 Venezia (VE)+ACI-,Venezia,Venezia,Veneto,89,61,+ACI-68,5+ACI-,+ACI-77,5+ACI-,+ACI-15,7+ACI-,+ACI-6,7+ACI-,+ACI-47,2+ACI-,+ACI-45,44006+ACI-,+ACI-12,34156+ACI-
Ospedale di Mirano,+ACI-Via Don Giacobbe Sartor 4, 30035 Mirano (VE)+ACI-,Mirano,Venezia,Veneto,182,77,+ACI-42,3+ACI-,+ACI-51,1+ACI-,+ACI-31,3+ACI-,+ACI-12,1+ACI-,+ACI-29,7+ACI-,+ACI-45,50195+ACI-,+ACI-12,11014+ACI-
Ospedale di Chioggia,+ACI-Strada Madonna Marina 500, 30015 Chioggia (VE)+ACI-,Chioggia,Venezia,Veneto,63,4,+ACI-6,3+ACI-,+ACI-39,7+ACI-,+ACI-38,1+ACI-,+ACI-12,7+ACI-,+ACI-1,6+ACI-,+ACI-45,19829+ACI-,+ACI-12,2845+ACI-
Ospedale di Portogruaro,+ACI-Via Piemonte 1, 30026 Portogruaro (VE)+ACI-,Portogruaro,Venezia,Veneto,1,0,0,0,0,0,0,+ACI-45,7714+ACI-,+ACI-12,84185+ACI-
Ospedale di San Don+AOA- di Piave,+ACI-Via Nazario Sauro 25, 30027 San Don+AOA- di Piave (VE)+ACI-,San Don+AOA- di Piave,Venezia,Veneto,73,0,0,+ACI-34,2+ACI-,+ACI-45,2+ACI-,+ACI-16,4+ACI-,+ACI-68,5+ACI-,+ACI-45,63353+ACI-,+ACI-12,57369+ACI-
Ospedale di Rovigo,+ACI-Viale Tre Martiri 140, 45100 Rovigo (RO)+ACI-,Rovigo,Rovigo,Veneto,72,72,100,+ACI-94,4+ACI-,+ACI-1,4+ACI-,0,25,+ACI-45,07483+ACI-,+ACI-11,81966+ACI-
Ospedale di Adria,+ACI-Piazza Degli Etruschi 9, 45011 Adria (RO)+ACI-,Adria,Rovigo,Veneto,74,56,+ACI-75,7+ACI-,+ACI-62,2+ACI-,+ACI-24,3+ACI-,+ACI-5,4+ACI-,+ACI-32,4+ACI-,+ACI-45,04805+ACI-,+ACI-12,05502+ACI-
Ospedale di Cittadella,+ACI-Via Riva ospedale, 35013 Cittadella (PD)+ACI-,Cittadella,Padova,Veneto,231,198,+ACI-85,7+ACI-,+ACI-79,2+ACI-,+ACI-9,1+ACI-,+ACI-5,6+ACI-,+ACI-50,2+ACI-,+ACI-45,64735+ACI-,+ACI-11,78669+ACI-
Ospedale di Piove di Sacco,+ACI-Via San Rocco 8, 35028 Piove di Sacco (PD)+ACI-,Piove di Sacco,Padova,Veneto,80,0,0,+ACI-22,5+ACI-,+ACI-62,5+ACI-,15,+ACI-36,3+ACI-,+ACI-45,2921+ACI-,+ACI-12,03053+ACI-
Ospedale di Schiavonia,+ACI-Via Albere 30, 35043 Monselice (PD)+ACI-,Monselice,Padova,Veneto,220,135,+ACI-61,4+ACI-,+ACI-72,3+ACI-,+ACI-13,6+ACI-,+ACI-10,5+ACI-,+ACI-75,5+ACI-,+ACI-45,20601+ACI-,+ACI-11,72389+ACI-
Ospedale di Bassano,+ACI-Via Dei Lotti 40, 36061 Bassano Del Grappa (VI)+ACI-,Bassano del Grappa,Vicenza,Veneto,73,19,26,+ACI-45,2+ACI-,26,+ACI-21,9+ACI-,74,+ACI-45,74779+ACI-,+ACI-11,74427+ACI-
Ospedale di Asiago,+ACI-Via Martiri di Granezza 42, 36012 Asiago (VI)+ACI-,Asiago,Vicenza,Veneto,41,0,0,+ACI-53,7+ACI-,+ACI-34,1+ACI-,+ACI-12,2+ACI-,+ACI-58,5+ACI-,+ACI-45,86224+ACI-,+ACI-11,5235+ACI-
Ospedale di Santorso,+ACI-Via Garziere 42, 36014 Santorso (VI)+ACI-,Santorso,Vicenza,Veneto,223,102,+ACI-45,7+ACI-,+ACI-48,9+ACI-,+ACI-19,7+ACI-,+ACI-26,5+ACI-,+ACI-65,9+ACI-,+ACI-45,7278+ACI-,+ACI-11,41521+ACI-
Ospedale di Vicenza,+ACI-Viale Rodolfi 37, 36100 Vicenza (VI)+ACI-,Vicenza,Vicenza,Veneto,293,153,+ACI-52,2+ACI-,+ACI-60,4+ACI-,+ACI-16,4+ACI-,+ACI-15,7+ACI-,+ACI-60,4+ACI-,+ACI-45,55611+ACI-,+ACI-11,5481+ACI-
Ospedale di Arzignano,+ACI-Via del Parco 1, 36071 Arzignano (VI)+ACI-,Arzignano,Vicenza,Veneto,77,0,0,+ACI-22,1+ACI-,+ACI-37,7+ACI-,+ACI-29,9+ACI-,+ACI-46,8+ACI-,+ACI-45,52557+ACI-,+ACI-11,33131+ACI-
Ospedale di Valdagno,+ACI-Via Galilei 1, 36078 Valdagno (VI)+ACI-,Valdagno,Vicenza,Veneto,38,38,100,+ACI-92,1+ACI-,+ACI-7,9+ACI-,0,+ACI-42,1+ACI-,+ACI-45,64698+ACI-,+ACI-11,30734+ACI-
Ospedale di Legnago,+ACI-Via Gianella 1, 37045 Legnago (VR)+ACI-,Legnago,Verona,Veneto,103,75,+ACI-72,8+ACI-,67,+ACI-20,4+ACI-,+ACI-6,8+ACI-,+ACI-4,9+ACI-,+ACI-45,18573+ACI-,+ACI-11,31524+ACI-
Ospedale di San Bonifacio,+ACI-Via Circonvallazione, 37047 San Bonifacio (VR)+ACI-,San Bonifacio,Verona,Veneto,127,30,+ACI-23,6+ACI-,+ACI-35,4+ACI-,+ACI-32,3+ACI-,+ACI-18,9+ACI-,+ACI-34,6+ACI-,+ACI-45,39556+ACI-,+ACI-11,28069+ACI-
Ospedale di Villafranca,+ACI-Via Ospedale 2, 37069 Villafranca di Verona (VR)+ACI-,Villafranca di Verona,Verona,Veneto,167,82,+ACI-49,1+ACI-,+ACI-62,9+ACI-,+ACI-21,6+ACI-,+ACI-12,6+ACI-,+ACI-46,7+ACI-,+ACI-45,35353+ACI-,+ACI-10,84614+ACI-
Azienda ospedaliera universitaria di Padova,+ACI-Via Giustiniani 1, 35128 Padova (PD)+ACI-,Padova,Padova,Veneto,257,12,+ACI-4,7+ACI-,+ACI-9,7+ACI-,+ACI-21,4+ACI-,+ACI-42,4+ACI-,+ACI-18,7+ACI-,+ACI-45,40323+ACI-,+ACI-11,88849+ACI-
Aoui Borgo Trento,+ACI-Piazzale Stefani 1, 37126 Verona (VR)+ACI-,Verona,Verona,Veneto,516,216,+ACI-41,9+ACI-,+ACI-49,8+ACI-,+ACI-26,2+ACI-,+ACI-17,6+ACI-,+ACI-46,1+ACI-,+ACI-45,45177+ACI-,+ACI-10,98544+ACI-
